USE Production;


INSERT INTO production.categories(Category_Id ,Category_Name) VALUES(1,'Input Devices');
INSERT INTO production.categories(Category_Id ,Category_Name) VALUES(2,'Processing Devices');
INSERT INTO production.categories(Category_Id ,Category_Name) VALUES (3,'Output Devices');
INSERT INTO production.categories(Category_Id ,Category_Name) VALUES(4,'Storage Devices');





INSERT INTO Production.Brands(Brand_Id,Brand_Name) VALUES(1,'Dell');
INSERT INTO production.brands(brand_id,brand_name) VALUES(2,'HP');
INSERT INTO production.brands(brand_id,brand_name) VALUES(3,'Asus');
INSERT INTO production.brands(brand_id,brand_name) VALUES(4,'Intel');
INSERT INTO production.brands(brand_id,brand_name) VALUES(5,'Lenovo');
INSERT INTO production.brands(brand_id,brand_name) VALUES(6,'Canon');
INSERT INTO production.brands(brand_id,brand_name) VALUES(7,'Hitachi');
INSERT INTO production.brands(brand_id,brand_name) VALUES(8,'Apple');
INSERT INTO production.brands(brand_id,brand_name) VALUES(9,'Arm');
INSERT INTO production.brands(brand_id,brand_name) VALUES(10,'Hygon');




INSERT INTO production.products(Product_Id, Product_Name, Brand_Id, Category_Id, Product_Price) VALUES(101,'Mouse - Opical ',1,1,15.0);
INSERT INTO production.products(Product_Id, Product_Name, Brand_Id, Category_Id, Product_Price) VALUES(108,'Mouse - Wireless',2,1,19.50);
INSERT INTO production.products(Product_Id, Product_Name, Brand_Id, Category_Id, Product_Price) VALUES(109,'Mouse - Mobile',3,1,12.60);
INSERT INTO production.products(Product_Id, Product_Name, Brand_Id, Category_Id, Product_Price) VALUES(110,'Mouse - Razer Basilisk',4,1,35.02);
INSERT INTO production.products(Product_Id, Product_Name, Brand_Id, Category_Id, Product_Price) VALUES(111,'Mouse - Surface Arc',5,1,42.0);
INSERT INTO production.products(Product_Id, Product_Name, Brand_Id, Category_Id, Product_Price) VALUES(112,'Keyboard - Surface Pro',2,1,235.5);
INSERT INTO production.products(Product_Id, Product_Name, Brand_Id, Category_Id, Product_Price) VALUES(113,'Keyboard - Multicolour',6,1,125.5);
INSERT INTO production.products(Product_Id, Product_Name, Brand_Id, Category_Id, Product_Price) VALUES(114,'Keyboard - RGB',3,1,100.25);
INSERT INTO production.products(Product_Id, Product_Name, Brand_Id, Category_Id, Product_Price) VALUES(115,'Printer  - Inkjet',6,1,302.56);
INSERT INTO production.products(Product_Id, Product_Name, Brand_Id, Category_Id, Product_Price) VALUES(116,'Printer - Laser',6,1,360.1);
INSERT INTO production.products(Product_Id, Product_Name, Brand_Id, Category_Id, Product_Price) VALUES(117,'Printer - Drumsized',2,1,402.56);
INSERT INTO production.products(Product_Id, Product_Name, Brand_Id, Category_Id, Product_Price) VALUES(118,'Microphone - MeetingOwl',1,1,52.5);
INSERT INTO production.products(Product_Id, Product_Name, Brand_Id, Category_Id, Product_Price) VALUES(119,'Microphone - QuardCase',3,1,12.5);
INSERT INTO production.products(Product_Id, Product_Name, Brand_Id, Category_Id, Product_Price) VALUES(120,'Microphone - BlueYeti',5,1,34.5);
INSERT INTO production.products(Product_Id, Product_Name, Brand_Id, Category_Id, Product_Price) VALUES(121,'Joystick - ThurstMaster',2,1,125.8);
INSERT INTO production.products(Product_Id, Product_Name, Brand_Id, Category_Id, Product_Price) VALUES(122,'Joystick - Logitech',4,1,98.8);
INSERT INTO production.products(Product_Id, Product_Name, Brand_Id, Category_Id, Product_Price) VALUES(123,'Scanner with Printer',6,1,356.59);
INSERT INTO production.products(Product_Id, Product_Name, Brand_Id, Category_Id, Product_Price) VALUES(124,'Scanner Fujistsu',5,1,201.1);
INSERT INTO production.products(Product_Id, Product_Name, Brand_Id, Category_Id, Product_Price) VALUES(125,'Scanner - Workforce',1,1,100);
INSERT INTO production.products(Product_Id, Product_Name, Brand_Id, Category_Id, Product_Price) VALUES(126,'GamePad - Elite',7,1,66.4);
INSERT INTO production.products(Product_Id, Product_Name, Brand_Id, Category_Id, Product_Price) VALUES(127,'GamePad - Thurst Master',7,1,66.4);
INSERT INTO production.products(Product_Id, Product_Name, Brand_Id, Category_Id, Product_Price) VALUES(128,'GamePad',7,1,66.4);


INSERT INTO production.products(Product_Id, Product_Name, Brand_Id, Category_Id, Product_Price) VALUES(201,'Motherboard - Pico BTX',7,2,166.4);

INSERT INTO production.products(Product_Id, Product_Name, Brand_Id, Category_Id, Product_Price) VALUES(202,'Motherboard - ATX',10,2,64.4);
INSERT INTO production.products(Product_Id, Product_Name, Brand_Id, Category_Id, Product_Price) VALUES(203,'Motherboard - LPX',8,2,125.4);
INSERT INTO production.products(Product_Id, Product_Name, Brand_Id, Category_Id, Product_Price) VALUES(204,'Motherboard - Mini ITX',6,2,144.6);

INSERT INTO production.products(Product_Id, Product_Name, Brand_Id, Category_Id, Product_Price) VALUES(135,'CPU - Dual Core',5,2,266.4);
INSERT INTO production.products(Product_Id, Product_Name, Brand_Id, Category_Id, Product_Price) VALUES(136,'CPU - Quard Core',4,2,365.59);
INSERT INTO production.products(Product_Id, Product_Name, Brand_Id, Category_Id, Product_Price) VALUES(137,'CPU - Dual Core ',4,2,256.4);
INSERT INTO production.products(Product_Id, Product_Name, Brand_Id, Category_Id, Product_Price) VALUES(138,'CPU- Deca Core',1,2,300.35);
INSERT INTO production.products(Product_Id, Product_Name, Brand_Id, Category_Id, Product_Price) VALUES(139,'CPU - Quard Core',6,2,268);
INSERT INTO production.products(Product_Id, Product_Name, Brand_Id, Category_Id, Product_Price) VALUES(140,'CPU - Dual Core ',10,2,125.8);
INSERT INTO production.products(Product_Id, Product_Name, Brand_Id, Category_Id, Product_Price) VALUES(141,'CPU- Deca Core',3,2,326.4);



INSERT INTO production.products(Product_Id, Product_Name, Brand_Id, Category_Id, Product_Price) VALUES(142,'Network Card - Ethernet ',8,2,166.4);
INSERT INTO production.products(Product_Id, Product_Name, Brand_Id, Category_Id, Product_Price) VALUES(143,'Network Card - Wireless Network ',8,2,124.6);
INSERT INTO production.products(Product_Id, Product_Name, Brand_Id, Category_Id, Product_Price) VALUES(144,'Network Card - Ethernet ',8,2,166.4);
INSERT INTO production.products(Product_Id, Product_Name, Brand_Id, Category_Id, Product_Price) VALUES(145,'Network Card - Wireless Network ',4,2,124.6);
INSERT INTO production.products(Product_Id, Product_Name, Brand_Id, Category_Id, Product_Price) VALUES(146,'Network Card - Ethernet ',1,2,116.4);
INSERT INTO production.products(Product_Id, Product_Name, Brand_Id, Category_Id, Product_Price) VALUES(147,'Network Card - Wireless Network ',9,2,134.6);
INSERT INTO production.products(Product_Id, Product_Name, Brand_Id, Category_Id, Product_Price) VALUES(148,'Network Card - Ethernet ',10,2,132.4);
INSERT INTO production.products(Product_Id, Product_Name, Brand_Id, Category_Id, Product_Price) VALUES(149,'Network Card - Wireless Network ',5,2,112.6);

INSERT INTO production.products(Product_Id, Product_Name, Brand_Id, Category_Id, Product_Price) VALUES(151,'Video Card - PCI',7,2,66.4);
INSERT INTO production.products(Product_Id, Product_Name, Brand_Id, Category_Id, Product_Price) VALUES(152,'Video Card - AGP',10,2,50.4);
INSERT INTO production.products(Product_Id, Product_Name, Brand_Id, Category_Id, Product_Price) VALUES(155,'Video Card - PCI',1,2,66.4);
INSERT INTO production.products(Product_Id, Product_Name, Brand_Id, Category_Id, Product_Price) VALUES(158,'Video Card - AGP',2,2,85.30);
INSERT INTO production.products(Product_Id, Product_Name, Brand_Id, Category_Id, Product_Price) VALUES(163,'Video Card - PCI',5,2,76.8);
INSERT INTO production.products(Product_Id, Product_Name, Brand_Id, Category_Id, Product_Price) VALUES(160,'Video Card - AGP',9,2,56.3);
INSERT INTO production.products(Product_Id, Product_Name, Brand_Id, Category_Id, Product_Price) VALUES(170,'Video Card - PCI',3,2,40.4);
INSERT INTO production.products(Product_Id, Product_Name, Brand_Id, Category_Id, Product_Price) VALUES(161,'Video Card - AGP',10,2,66.4);



INSERT INTO production.products(Product_Id, Product_Name, Brand_Id, Category_Id, Product_Price) VALUES(301,'Monitor - Cathode Ray Tube',8,3,140.4);
INSERT INTO production.products(Product_Id, Product_Name, Brand_Id, Category_Id, Product_Price) VALUES(302,'Monitor - Flat Panel',3,3,150.4);
INSERT INTO production.products(Product_Id, Product_Name, Brand_Id, Category_Id, Product_Price) VALUES(303,'Monitor - LED ',1,3,159);
INSERT INTO production.products(Product_Id, Product_Name, Brand_Id, Category_Id, Product_Price) VALUES(304,'Monitor - DLP',9,3,185);
INSERT INTO production.products(Product_Id, Product_Name, Brand_Id, Category_Id, Product_Price) VALUES(305,'Monitor - Plasma',7,3,158);
INSERT INTO production.products(Product_Id, Product_Name, Brand_Id, Category_Id, Product_Price) VALUES(306,'Monitor - Cathode Ray Tube',2,3,140.4);
INSERT INTO production.products(Product_Id, Product_Name, Brand_Id, Category_Id, Product_Price) VALUES(307,'Monitor - Flat Panel',9,3,150.4);
INSERT INTO production.products(Product_Id, Product_Name, Brand_Id, Category_Id, Product_Price) VALUES(308,'Monitor - LED ',6,3,159);
INSERT INTO production.products(Product_Id, Product_Name, Brand_Id, Category_Id, Product_Price) VALUES(309,'Monitor - DLP',2,3,185);
INSERT INTO production.products(Product_Id, Product_Name, Brand_Id, Category_Id, Product_Price) VALUES(310,'Monitor - Plasma',6,3,158);
INSERT INTO production.products(Product_Id, Product_Name, Brand_Id, Category_Id, Product_Price) VALUES(311,'Projector LED',8,3,140.4);
INSERT INTO production.products(Product_Id, Product_Name, Brand_Id, Category_Id, Product_Price) VALUES(312,' Projector LCD',3,3,140.4);
INSERT INTO production.products(Product_Id, Product_Name, Brand_Id, Category_Id, Product_Price) VALUES(313,' Projector Laser ',1,3,159.6);
INSERT INTO production.products(Product_Id, Product_Name, Brand_Id, Category_Id, Product_Price) VALUES(314,'Projector LED',6,3,140.4);
INSERT INTO production.products(Product_Id, Product_Name, Brand_Id, Category_Id, Product_Price) VALUES(315,' Projector LCD',5,3,150.4);
INSERT INTO production.products(Product_Id, Product_Name, Brand_Id, Category_Id, Product_Price) VALUES(316,' Projector Laser ',1,3,159);
INSERT INTO production.products(Product_Id, Product_Name, Brand_Id, Category_Id, Product_Price) VALUES(317,'Projector LED',2,3,140.4);
INSERT INTO production.products(Product_Id, Product_Name, Brand_Id, Category_Id, Product_Price) VALUES(318,' Projector LCD',6,3,150.4);
INSERT INTO production.products(Product_Id, Product_Name, Brand_Id, Category_Id, Product_Price) VALUES(319,' Projector Laser ',10,3,159);
INSERT INTO production.products(Product_Id, Product_Name, Brand_Id, Category_Id, Product_Price) VALUES(320,'Projector LED',8,3,140.4);
INSERT INTO production.products(Product_Id, Product_Name, Brand_Id, Category_Id, Product_Price) VALUES(321,' Projector LCD',2,3,150.4);
INSERT INTO production.products(Product_Id, Product_Name, Brand_Id, Category_Id, Product_Price) VALUES(322,' Projector Laser ',7,3,159);


INSERT INTO production.products(Product_Id, Product_Name, Brand_Id, Category_Id, Product_Price) VALUES(323,'GPS plug In',1,3,140.4);
INSERT INTO production.products(Product_Id, Product_Name, Brand_Id, Category_Id, Product_Price) VALUES(324,'GPS plug In',6,3,140.4);
INSERT INTO production.products(Product_Id, Product_Name, Brand_Id, Category_Id, Product_Price) VALUES(325,'GPS plug In',4,3,140.4);
INSERT INTO production.products(Product_Id, Product_Name, Brand_Id, Category_Id, Product_Price) VALUES(326,'GPS plug In',2,3,140.4);
INSERT INTO production.products(Product_Id, Product_Name, Brand_Id, Category_Id, Product_Price) VALUES(327,'GPS plug In',7,3,140.4);

INSERT INTO production.products(Product_Id, Product_Name, Brand_Id, Category_Id, Product_Price) VALUES(332,'GPS plug In',1,3,140.4);

INSERT INTO production.products(Product_Id, Product_Name, Brand_Id, Category_Id, Product_Price) VALUES(328,'GPS hardwired',5,3,140.4);
INSERT INTO production.products(Product_Id, Product_Name, Brand_Id, Category_Id, Product_Price) VALUES(329,'GPS hardwired',10,3,140.4);
INSERT INTO production.products(Product_Id, Product_Name, Brand_Id, Category_Id, Product_Price) VALUES(330,'GPS hardwired',2,3,140.4);
INSERT INTO production.products(Product_Id, Product_Name, Brand_Id, Category_Id, Product_Price) VALUES(331,'GPS hardwired',7,3,140.4);

INSERT INTO production.products(Product_Id, Product_Name, Brand_Id, Category_Id, Product_Price) VALUES(409,' Floppy Disks - 3.5-inch diskette.
',2,4,185);
INSERT INTO production.products(Product_Id, Product_Name, Brand_Id, Category_Id, Product_Price) VALUES(410,' Floppy Disks - 3.5-inch diskette.',6,4,158);
INSERT INTO production.products(Product_Id, Product_Name, Brand_Id, Category_Id, Product_Price) VALUES(411,' Floppy Disks - 3.5-inch diskette.',8,4,140.4);
INSERT INTO production.products(Product_Id, Product_Name, Brand_Id, Category_Id, Product_Price) VALUES(412,' Floppy Disks - 3.5-inch diskette.',3,4,140.4);
INSERT INTO production.products(Product_Id, Product_Name, Brand_Id, Category_Id, Product_Price) VALUES(413,' Floppy Disks - 5.25-inch diskette ',1,4,159.6);
INSERT INTO production.products(Product_Id, Product_Name, Brand_Id, Category_Id, Product_Price) VALUES(414,' Floppy Disks - 5.25-inch diskette',6,4,140.4);
INSERT INTO production.products(Product_Id, Product_Name, Brand_Id, Category_Id, Product_Price) VALUES(415,' Floppy Disks - 5.25-inch diskette',5,4,150.4);
INSERT INTO production.products(Product_Id, Product_Name, Brand_Id, Category_Id, Product_Price) VALUES(416,' Floppy Disks - 5.25-inch diskette',1,4,159);
INSERT INTO production.products(Product_Id, Product_Name, Brand_Id, Category_Id, Product_Price) VALUES(417,' Floppy Disks - Zip data',2,4,140.4);
INSERT INTO production.products(Product_Id, Product_Name, Brand_Id, Category_Id, Product_Price) VALUES(418,' Floppy Disks - Zip data',6,4,150.4);

INSERT INTO production.products(Product_Id, Product_Name, Brand_Id, Category_Id, Product_Price) VALUES(419,' Hard Disks - SSD
',2,4,185);
INSERT INTO production.products(Product_Id, Product_Name, Brand_Id, Category_Id, Product_Price) VALUES(420,' Hard Disks - SSD ',6,4,158);
INSERT INTO production.products(Product_Id, Product_Name, Brand_Id, Category_Id, Product_Price) VALUES(421,' Hard Disks - SSD ',8,4,140.4);
INSERT INTO production.products(Product_Id, Product_Name, Brand_Id, Category_Id, Product_Price) VALUES(422,' Hard Disks - SSD ',3,4,140.4);
INSERT INTO production.products(Product_Id, Product_Name, Brand_Id, Category_Id, Product_Price) VALUES(423,' Hard Disks - NVME',1,4,159.6);
INSERT INTO production.products(Product_Id, Product_Name, Brand_Id, Category_Id, Product_Price) VALUES(424,' Hard Disks - NVME ',6,4,140.4);
INSERT INTO production.products(Product_Id, Product_Name, Brand_Id, Category_Id, Product_Price) VALUES(425,' Hard Disks - SATA',5,4,150.4);
INSERT INTO production.products(Product_Id, Product_Name, Brand_Id, Category_Id, Product_Price) VALUES(426,' Hard Disks - SATA ',1,4,159);
INSERT INTO production.products(Product_Id, Product_Name, Brand_Id, Category_Id, Product_Price) VALUES(427,' Hard Disks - SATA ',2,4,140.4);
INSERT INTO production.products(Product_Id, Product_Name, Brand_Id, Category_Id, Product_Price) VALUES(428,' Hard Disks - SATA ',6,4,150.4);





USE Inventory;



INSERT INTO inventory.customers(customer_id, first_name,last_name, cell_no, email_address, street, city, state, postal_code) VALUES(1,'Debra','Burks',NULL,'debra.burks@yahoo.com','9273 Thorne Ave. ','Orchard Park','NY',14127);
INSERT INTO inventory.customers(customer_id, first_name,last_name, cell_no, email_address, street, city, state, postal_code) VALUES(2,'Kasha','Todd',NULL,'kasha.todd@yahoo.com','910 Vine Street ','Campbell','CA',95008);
INSERT INTO inventory.customers(customer_id, first_name,last_name, cell_no, email_address, street, city, state, postal_code) VALUES(3,'Tameka','Fisher',NULL,'tameka.fisher@aol.com','769C Honey Creek St. ','Redondo Beach','CA',90278);
INSERT INTO inventory.customers(customer_id, first_name,last_name, cell_no, email_address, street, city, state, postal_code) VALUES(4,'Daryl','Spence',NULL,'daryl.spence@aol.com','988 Pearl Lane ','Uniondale','NY',11553);
INSERT INTO inventory.customers(customer_id, first_name,last_name, cell_no, email_address, street, city, state, postal_code) VALUES(5,'Charolette','Rice','(916) 381-6003','charolette.rice@msn.com','107 River Dr. ','Sacramento','CA',95820);
INSERT INTO inventory.customers(customer_id, first_name,last_name, cell_no, email_address, street, city, state, postal_code) VALUES(6,'Lyndsey','Bean',NULL,'lyndsey.bean@hotmail.com','769 West Road ','Fairport','NY',14450);
INSERT INTO inventory.customers(customer_id, first_name,last_name, cell_no, email_address, street, city, state, postal_code) VALUES(7,'Latasha','Hays','(716) 986-3359','latasha.hays@hotmail.com','7014 Manor Station Rd. ','Buffalo','NY',14215);
INSERT INTO inventory.customers(customer_id, first_name,last_name, cell_no, email_address, street, city, state, postal_code) VALUES(8,'Jacquline','Duncan',NULL,'jacquline.duncan@yahoo.com','15 Brown St. ','Jackson Heights','NY',11372);
INSERT INTO inventory.customers(customer_id, first_name,last_name, cell_no, email_address, street, city, state, postal_code) VALUES(9,'Genoveva','Baldwin',NULL,'genoveva.baldwin@msn.com','8550 Spruce Drive ','Port Washington','NY',11050);
INSERT INTO inventory.customers(customer_id, first_name,last_name, cell_no, email_address, street, city, state, postal_code) VALUES(10,'Pamelia','Newman',NULL,'pamelia.newman@gmail.com','476 Chestnut Ave. ','Monroe','NY',10950);
INSERT INTO inventory.customers(customer_id, first_name,last_name, cell_no, email_address, street, city, state, postal_code) VALUES(11,'Deshawn','Mendoza',NULL,'deshawn.mendoza@yahoo.com','8790 Cobblestone Street ','Monsey','NY',10952);
INSERT INTO inventory.customers(customer_id, first_name,last_name, cell_no, email_address, street, city, state, postal_code) VALUES(12,'Robby','Sykes','(516) 583-7761','robby.sykes@hotmail.com','486 Rock Maple Street ','Hempstead','NY',11550);
INSERT INTO inventory.customers(customer_id, first_name,last_name, cell_no, email_address, street, city, state, postal_code) VALUES(13,'Lashawn','Ortiz',NULL,'lashawn.ortiz@msn.com','27 Washington Rd. ','Longview','TX',75604);
INSERT INTO inventory.customers(customer_id, first_name,last_name, cell_no, email_address, street, city, state, postal_code) VALUES(14,'Garry','Espinoza',NULL,'garry.espinoza@hotmail.com','7858 Rockaway Court ','Forney','TX',75126);
INSERT INTO inventory.customers(customer_id, first_name,last_name, cell_no, email_address, street, city, state, postal_code) VALUES(15,'Linnie','Branch',NULL,'linnie.branch@gmail.com','314 South Columbia Ave. ','Plattsburgh','NY',12901);
INSERT INTO inventory.customers(customer_id, first_name,last_name, cell_no, email_address, street, city, state, postal_code) VALUES(16,'Emmitt','Sanchez','(212) 945-8823','emmitt.sanchez@hotmail.com','461 Squaw Creek Road ','New York','NY',10002);
INSERT INTO inventory.customers(customer_id, first_name,last_name, cell_no, email_address, street, city, state, postal_code) VALUES(17,'Caren','Stephens',NULL,'caren.stephens@msn.com','914 Brook St. ','Scarsdale','NY',10583);
INSERT INTO inventory.customers(customer_id, first_name,last_name, cell_no, email_address, street, city, state, postal_code) VALUES(18,'Georgetta','Hardin',NULL,'georgetta.hardin@aol.com','474 Chapel Dr. ','Canandaigua','NY',14424);
INSERT INTO inventory.customers(customer_id, first_name,last_name, cell_no, email_address, street, city, state, postal_code) VALUES(19,'Lizzette','Stein',NULL,'lizzette.stein@yahoo.com','19 Green Hill Lane ','Orchard Park','NY',14127);
INSERT INTO inventory.customers(customer_id, first_name,last_name, cell_no, email_address, street, city, state, postal_code) VALUES(20,'Aleta','Shepard',NULL,'aleta.shepard@aol.com','684 Howard St. ','Sugar Land','TX',77478);
INSERT INTO inventory.customers(customer_id, first_name,last_name, cell_no, email_address, street, city, state, postal_code) VALUES(21,'Tobie','Little',NULL,'tobie.little@gmail.com','10 Silver Spear Dr. ','Victoria','TX',77904);
INSERT INTO inventory.customers(customer_id, first_name,last_name, cell_no, email_address, street, city, state, postal_code) VALUES(22,'Adelle','Larsen',NULL,'adelle.larsen@gmail.com','683 West Kirkland Dr. ','East Northport','NY',11731);
INSERT INTO inventory.customers(customer_id, first_name,last_name, cell_no, email_address, street, city, state, postal_code) VALUES(23,'Kaylee','English',NULL,'kaylee.english@msn.com','8786 Fulton Rd. ','Hollis','NY',11423);
INSERT INTO inventory.customers(customer_id, first_name,last_name, cell_no, email_address, street, city, state, postal_code) VALUES(24,'Corene','Wall',NULL,'corene.wall@msn.com','9601 Ocean Rd. ','Atwater','CA',95301);
INSERT INTO inventory.customers(customer_id, first_name,last_name, cell_no, email_address, street, city, state, postal_code) VALUES(25,'Regenia','Vaughan',NULL,'regenia.vaughan@gmail.com','44 Stonybrook Street ','Mahopac','NY',10541);
INSERT INTO inventory.customers(customer_id, first_name,last_name, cell_no, email_address, street, city, state, postal_code) VALUES(26,'Theo','Reese','(562) 215-2907','theo.reese@gmail.com','8755 W. Wild Horse St. ','Long Beach','NY',11561);
INSERT INTO inventory.customers(customer_id, first_name,last_name, cell_no, email_address, street, city, state, postal_code) VALUES(27,'Santos','Valencia',NULL,'santos.valencia@yahoo.com','7479 Carpenter Street ','Sunnyside','NY',11104);
INSERT INTO inventory.customers(customer_id, first_name,last_name, cell_no, email_address, street, city, state, postal_code) VALUES(28,'Jeanice','Frost',NULL,'jeanice.frost@hotmail.com','76 Devon Lane ','Ossining','NY',10562);
INSERT INTO inventory.customers(customer_id, first_name,last_name, cell_no, email_address, street, city, state, postal_code) VALUES(29,'Syreeta','Hendricks',NULL,'syreeta.hendricks@msn.com','193 Spruce Road ','Mahopac','NY',10541);
INSERT INTO inventory.customers(customer_id, first_name,last_name, cell_no, email_address, street, city, state, postal_code) VALUES(30,'Jamaal','Albert',NULL,'jamaal.albert@gmail.com','853 Stonybrook Street ','Torrance','CA',90505);
INSERT INTO inventory.customers(customer_id, first_name,last_name, cell_no, email_address, street, city, state, postal_code) VALUES(31,'Williemae','Holloway','(510) 246-8375','williemae.holloway@msn.com','69 Cypress St. ','Oakland','CA',94603);
INSERT INTO inventory.customers(customer_id, first_name,last_name, cell_no, email_address, street, city, state, postal_code) VALUES(32,'Araceli','Golden',NULL,'araceli.golden@msn.com','12 Ridgeview Ave. ','Fullerton','CA',92831);
INSERT INTO inventory.customers(customer_id, first_name,last_name, cell_no, email_address, street, city, state, postal_code) VALUES(33,'Deloris','Burke',NULL,'deloris.burke@hotmail.com','895 Edgemont Drive ','Palos Verdes Peninsula','CA',90274);
INSERT INTO inventory.customers(customer_id, first_name,last_name, cell_no, email_address, street, city, state, postal_code) VALUES(34,'Brittney','Woodward',NULL,'brittney.woodward@aol.com','960 River St. ','East Northport','NY',11731);
INSERT INTO inventory.customers(customer_id, first_name,last_name, cell_no, email_address, street, city, state, postal_code) VALUES(35,'Guillermina','Noble',NULL,'guillermina.noble@msn.com','6 Del Monte Lane ','Baldwinsville','NY',13027);
INSERT INTO inventory.customers(customer_id, first_name,last_name, cell_no, email_address, street, city, state, postal_code) VALUES(36,'Bernita','Mcdaniel',NULL,'bernita.mcdaniel@hotmail.com','2 Peg Shop Ave. ','Liverpool','NY',13090);
INSERT INTO inventory.customers(customer_id, first_name,last_name, cell_no, email_address, street, city, state, postal_code) VALUES(37,'Melia','Brady',NULL,'melia.brady@gmail.com','907 Shirley Rd. ','Maspeth','NY',11378);
INSERT INTO inventory.customers(customer_id, first_name,last_name, cell_no, email_address, street, city, state, postal_code) VALUES(38,'Zelma','Browning',NULL,'zelma.browning@aol.com','296 Second Street ','Astoria','NY',11102);
INSERT INTO inventory.customers(customer_id, first_name,last_name, cell_no, email_address, street, city, state, postal_code) VALUES(39,'Janetta','Aguirre','(717) 670-2634','janetta.aguirre@aol.com','214 Second Court ','Lancaster','NY',14086);
INSERT INTO inventory.customers(customer_id, first_name,last_name, cell_no, email_address, street, city, state, postal_code) VALUES(40,'Ronna','Butler',NULL,'ronna.butler@gmail.com','9438 Plymouth Court ','Encino','CA',91316);
INSERT INTO inventory.customers(customer_id, first_name,last_name, cell_no, email_address, street, city, state, postal_code) VALUES(41,'Kathie','Freeman',NULL,'kathie.freeman@msn.com','667 Temple Dr. ','Queensbury','NY',12804);
INSERT INTO inventory.customers(customer_id, first_name,last_name, cell_no, email_address, street, city, state, postal_code) VALUES(42,'Tangela','Quinn',NULL,'tangela.quinn@aol.com','4 S. Purple Finch Road ','Richmond Hill','NY',11418);
INSERT INTO inventory.customers(customer_id, first_name,last_name, cell_no, email_address, street, city, state, postal_code) VALUES(43,'Mozelle','Carter','(281) 489-9656','mozelle.carter@aol.com','895 Chestnut Ave. ','Houston','TX',77016);
INSERT INTO inventory.customers(customer_id, first_name,last_name, cell_no, email_address, street, city, state, postal_code) VALUES(44,'Onita','Johns',NULL,'onita.johns@msn.com','32 Glen Creek Lane ','Elmont','NY',11003);
INSERT INTO inventory.customers(customer_id, first_name,last_name, cell_no, email_address, street, city, state, postal_code) VALUES(45,'Bennett','Armstrong',NULL,'bennett.armstrong@aol.com','688 Walnut Street ','Bethpage','NY',11714);
INSERT INTO inventory.customers(customer_id, first_name,last_name, cell_no, email_address, street, city, state, postal_code) VALUES(46,'Monika','Berg',NULL,'monika.berg@gmail.com','369 Vernon Dr. ','Encino','CA',91316);
INSERT INTO inventory.customers(customer_id, first_name,last_name, cell_no, email_address, street, city, state, postal_code) VALUES(47,'Bridgette','Guerra',NULL,'bridgette.guerra@hotmail.com','9982 Manor Drive ','San Lorenzo','CA',94580);
INSERT INTO inventory.customers(customer_id, first_name,last_name, cell_no, email_address, street, city, state, postal_code) VALUES(48,'Cesar','Jackson',NULL,'cesar.jackson@gmail.com','8068 N. Griffin Ave. ','Liverpool','NY',13090);
INSERT INTO inventory.customers(customer_id, first_name,last_name, cell_no, email_address, street, city, state, postal_code) VALUES(49,'Caroll','Hays',NULL,'caroll.hays@yahoo.com','9381 Wrangler St. ','Fairport','NY',14450);
INSERT INTO inventory.customers(customer_id, first_name,last_name, cell_no, email_address, street, city, state, postal_code) VALUES(50,'Cleotilde','Booth',NULL,'cleotilde.booth@gmail.com','17 Corona St. ','Sugar Land','TX',77478);
INSERT INTO inventory.customers(customer_id, first_name,last_name, cell_no, email_address, street, city, state, postal_code) VALUES(51,'Gertrud','Rhodes',NULL,'gertrud.rhodes@aol.com','9961 Meadowbrook Street ','Merrick','NY',11566);
INSERT INTO inventory.customers(customer_id, first_name,last_name, cell_no, email_address, street, city, state, postal_code) VALUES(52,'Tu','Ramirez',NULL,'tu.ramirez@hotmail.com','24 W. Courtland Street ','East Elmhurst','NY',11369);
INSERT INTO inventory.customers(customer_id, first_name,last_name, cell_no, email_address, street, city, state, postal_code) VALUES(53,'Saturnina','Garner',NULL,'saturnina.garner@gmail.com','8538 Fairground St. ','Glendora','CA',91740);
INSERT INTO inventory.customers(customer_id, first_name,last_name, cell_no, email_address, street, city, state, postal_code) VALUES(54,'Fran','Yang',NULL,'fran.yang@hotmail.com','440 Pearl St. ','Utica','NY',13501);
INSERT INTO inventory.customers(customer_id, first_name,last_name, cell_no, email_address, street, city, state, postal_code) VALUES(55,'Diana','Guerra',NULL,'diana.guerra@hotmail.com','45 Chapel Ave. ','Merrick','NY',11566);
INSERT INTO inventory.customers(customer_id, first_name,last_name, cell_no, email_address, street, city, state, postal_code) VALUES(56,'Lolita','Mosley','(281) 363-3309','lolita.mosley@hotmail.com','376 S. High Ridge St. ','Houston','TX',77016);
INSERT INTO inventory.customers(customer_id, first_name,last_name, cell_no, email_address, street, city, state, postal_code) VALUES(57,'Pamala','Henry',NULL,'pamala.henry@aol.com','197 Bridgeton Ave. ','Bronx','NY',10451);
INSERT INTO inventory.customers(customer_id, first_name,last_name, cell_no, email_address, street, city, state, postal_code) VALUES(58,'Damien','Dorsey',NULL,'damien.dorsey@yahoo.com','161 Old York Street ','Central Islip','NY',11722);
INSERT INTO inventory.customers(customer_id, first_name,last_name, cell_no, email_address, street, city, state, postal_code) VALUES(59,'Latasha','Stanley',NULL,'latasha.stanley@gmail.com','8068 Fordham Drive ','Rockville Centre','NY',11570);
INSERT INTO inventory.customers(customer_id, first_name,last_name, cell_no, email_address, street, city, state, postal_code) VALUES(60,'Neil','Mccall',NULL,'neil.mccall@gmail.com','7476 Oakland Dr. ','San Carlos','CA',94070);
INSERT INTO inventory.customers(customer_id, first_name,last_name, cell_no, email_address, street, city, state, postal_code) VALUES(61,'Elinore','Aguilar',NULL,'elinore.aguilar@msn.com','9766 Rockcrest Ave. ','San Angelo','TX',76901);
INSERT INTO inventory.customers(customer_id, first_name,last_name, cell_no, email_address, street, city, state, postal_code) VALUES(62,'Alica','Hunter',NULL,'alica.hunter@hotmail.com','8 San Juan Drive ','East Elmhurst','NY',11369);


INSERT INTO inventory.orders(order_id, customer_id, order_status, order_date, required_date, shipped_date, store_id,staff_id) VALUES(1,9,4,'20160101','20160103','20160103',1,2);
INSERT INTO inventory.orders(order_id, customer_id, order_status, order_date, required_date, shipped_date, store_id,staff_id) VALUES(2,12,4,'20160101','20160104','20160103',2,6);
INSERT INTO inventory.orders(order_id, customer_id, order_status, order_date, required_date, shipped_date, store_id,staff_id) VALUES(3,52,4,'20160102','20160105','20160103',2,7);
INSERT INTO inventory.orders(order_id, customer_id, order_status, order_date, required_date, shipped_date, store_id,staff_id) VALUES(4,17,4,'20160103','20160104','20160105',1,3);
INSERT INTO inventory.orders(order_id, customer_id, order_status, order_date, required_date, shipped_date, store_id,staff_id) VALUES(5,24,4,'20160103','20160106','20160106',2,6);
INSERT INTO inventory.orders(order_id, customer_id, order_status, order_date, required_date, shipped_date, store_id,staff_id) VALUES(6,4,4,'20160104','20160107','20160105',2,6);
INSERT INTO inventory.orders(order_id, customer_id, order_status, order_date, required_date, shipped_date, store_id,staff_id) VALUES(7,14,4,'20160104','20160107','20160105',2,6);
INSERT INTO inventory.orders(order_id, customer_id, order_status, order_date, required_date, shipped_date, store_id,staff_id) VALUES(8,1,4,'20160104','20160105','20160105',2,7);
INSERT INTO inventory.orders(order_id, customer_id, order_status, order_date, required_date, shipped_date, store_id,staff_id) VALUES(9,60,4,'20160105','20160108','20160108',1,2);
INSERT INTO inventory.orders(order_id, customer_id, order_status, order_date, required_date, shipped_date, store_id,staff_id) VALUES(10,42,4,'20160105','20160106','20160106',2,6);
INSERT INTO inventory.orders(order_id, customer_id, order_status, order_date, required_date, shipped_date, store_id,staff_id) VALUES(11,13,4,'20160105','20160108','20160107',2,7);
INSERT INTO inventory.orders(order_id, customer_id, order_status, order_date, required_date, shipped_date, store_id,staff_id) VALUES(12,15,4,'20160106','20160108','20160109',1,2);
INSERT INTO inventory.orders(order_id, customer_id, order_status, order_date, required_date, shipped_date, store_id,staff_id) VALUES(13,20,4,'20160108','20160111','20160111',2,6);
INSERT INTO inventory.orders(order_id, customer_id, order_status, order_date, required_date, shipped_date, store_id,staff_id) VALUES(14,22,4,'20160109','20160111','20160112',1,3);
INSERT INTO inventory.orders(order_id, customer_id, order_status, order_date, required_date, shipped_date, store_id,staff_id) VALUES(15,25,4,'20160109','20160110','20160112',2,7);
INSERT INTO inventory.orders(order_id, customer_id, order_status, order_date, required_date, shipped_date, store_id,staff_id) VALUES(16,35,4,'20160112','20160115','20160115',1,3);
INSERT INTO inventory.orders(order_id, customer_id, order_status, order_date, required_date, shipped_date, store_id,staff_id) VALUES(17,41,4,'20160112','20160114','20160114',1,3);
INSERT INTO inventory.orders(order_id, customer_id, order_status, order_date, required_date, shipped_date, store_id,staff_id) VALUES(18,55,4,'20160114','20160117','20160115',1,3);
INSERT INTO inventory.orders(order_id, customer_id, order_status, order_date, required_date, shipped_date, store_id,staff_id) VALUES(19,5,4,'20160114','20160117','20160116',1,2);
INSERT INTO inventory.orders(order_id, customer_id, order_status, order_date, required_date, shipped_date, store_id,staff_id) VALUES(20,9,4,'20160114','20160116','20160117',1,2);
INSERT INTO inventory.orders(order_id, customer_id, order_status, order_date, required_date, shipped_date, store_id,staff_id) VALUES(21,12,4,'20160115','20160116','20160118',2,6);
INSERT INTO inventory.orders(order_id, customer_id, order_status, order_date, required_date, shipped_date, store_id,staff_id) VALUES(22,15,4,'20160116','20160118','20160117',1,2);
INSERT INTO inventory.orders(order_id, customer_id, order_status, order_date, required_date, shipped_date, store_id,staff_id) VALUES(23, 49,4,'20160116','20160119','20160119',1,2);
INSERT INTO inventory.orders(order_id, customer_id, order_status, order_date, required_date, shipped_date, store_id,staff_id) VALUES(24,60,4,'20160118','20160120','20160119',2,7);
INSERT INTO inventory.orders(order_id, customer_id, order_status, order_date, required_date, shipped_date, store_id,staff_id) VALUES(25,57,4,'20160118','20160121','20160121',2,6);
INSERT INTO inventory.orders(order_id, customer_id, order_status, order_date, required_date, shipped_date, store_id,staff_id) VALUES(26,18,4,'20160118','20160121','20160119',2,7);
INSERT INTO inventory.orders(order_id, customer_id, order_status, order_date, required_date, shipped_date, store_id,staff_id) VALUES(27,57,4,'20160119','20160121','20160120',2,7);
INSERT INTO inventory.orders(order_id, customer_id, order_status, order_date, required_date, shipped_date, store_id,staff_id) VALUES(28,22,4,'20160119','20160120','20160121',2,6);
INSERT INTO inventory.orders(order_id, customer_id, order_status, order_date, required_date, shipped_date, store_id,staff_id) VALUES(29,47,4,'20160120','20160122','20160121',2,6);
INSERT INTO inventory.orders(order_id, customer_id, order_status, order_date, required_date, shipped_date, store_id,staff_id) VALUES(30,48,4,'20160120','20160121','20160121',2,6);
INSERT INTO inventory.orders(order_id, customer_id, order_status, order_date, required_date, shipped_date, store_id,staff_id) VALUES(31,38,4,'20160120','20160122','20160122',3,8);
INSERT INTO inventory.orders(order_id, customer_id, order_status, order_date, required_date, shipped_date, store_id,staff_id) VALUES(32,59,4,'20160121','20160124','20160122',1,3);
INSERT INTO inventory.orders(order_id, customer_id, order_status, order_date, required_date, shipped_date, store_id,staff_id) VALUES(33,36,4,'20160121','20160122','20160122',2,6);
INSERT INTO inventory.orders(order_id, customer_id, order_status, order_date, required_date, shipped_date, store_id,staff_id) VALUES(34,8,4,'20160122','20160125','20160123',2,6);
INSERT INTO inventory.orders(order_id, customer_id, order_status, order_date, required_date, shipped_date, store_id,staff_id) VALUES(35,13,4,'20160122','20160125','20160124',2,7);
INSERT INTO inventory.orders(order_id, customer_id, order_status, order_date, required_date, shipped_date, store_id,staff_id) VALUES(36,21,4,'20160123','20160124','20160124',2,6);
INSERT INTO inventory.orders(order_id, customer_id, order_status, order_date, required_date, shipped_date, store_id,staff_id) VALUES(37,14,4,'20160125','20160128','20160126',2,6);
INSERT INTO inventory.orders(order_id, customer_id, order_status, order_date, required_date, shipped_date, store_id,staff_id) VALUES(38,53,4,'20160125','20160127','20160126',2,7);
INSERT INTO inventory.orders(order_id, customer_id, order_status, order_date, required_date, shipped_date, store_id,staff_id) VALUES(39,12,4,'20160125','20160126','20160126',2,7);
INSERT INTO inventory.orders(order_id, customer_id, order_status, order_date, required_date, shipped_date, store_id,staff_id) VALUES(40,48,4,'20160127','20160128','20160129',1,3);
INSERT INTO inventory.orders(order_id, customer_id, order_status, order_date, required_date, shipped_date, store_id,staff_id) VALUES(41,19,4,'20160127','20160130','20160129',2,6);
INSERT INTO inventory.orders(order_id, customer_id, order_status, order_date, required_date, shipped_date, store_id,staff_id) VALUES(42,10,4,'20160127','20160128','20160130',2,7);
INSERT INTO inventory.orders(order_id, customer_id, order_status, order_date, required_date, shipped_date, store_id,staff_id) VALUES(43,34,4,'20160127','20160128','20160130',2,7);
INSERT INTO inventory.orders(order_id, customer_id, order_status, order_date, required_date, shipped_date, store_id,staff_id) VALUES(44,8,4,'20160128','20160131','20160130',2,7);
INSERT INTO inventory.orders(order_id, customer_id, order_status, order_date, required_date, shipped_date, store_id,staff_id) VALUES(45,12,4,'20160128','20160131','20160131',2,7);
INSERT INTO inventory.orders(order_id, customer_id, order_status, order_date, required_date, shipped_date, store_id,staff_id) VALUES(46,16,4,'20160129','20160131','20160131',2,7);
INSERT INTO inventory.orders(order_id, customer_id, order_status, order_date, required_date, shipped_date, store_id,staff_id) VALUES(47,14,4,'20160129','20160130','20160131',2,7);
INSERT INTO inventory.orders(order_id, customer_id, order_status, order_date, required_date, shipped_date, store_id,staff_id) VALUES(48,12,4,'20160130','20160201','20160202',2,7);
INSERT INTO inventory.orders(order_id, customer_id, order_status, order_date, required_date, shipped_date, store_id,staff_id) VALUES(49,08,4,'20160131','20160201','20160202',2,6);
INSERT INTO inventory.orders(order_id, customer_id, order_status, order_date, required_date, shipped_date, store_id,staff_id) VALUES(50,2,4,'20160131','20160203','20160202',3,8);
INSERT INTO inventory.orders(order_id, customer_id, order_status, order_date, required_date, shipped_date, store_id,staff_id) VALUES(51,17,4,'20160201','20160202','20160203',2,7);
INSERT INTO inventory.orders(order_id, customer_id, order_status, order_date, required_date, shipped_date, store_id,staff_id) VALUES(52,15,4,'20160203','20160204','20160205',1,2);
INSERT INTO inventory.orders(order_id, customer_id, order_status, order_date, required_date, shipped_date, store_id,staff_id) VALUES(53,25,4,'20160203','20160204','20160205',2,6);
INSERT INTO inventory.orders(order_id, customer_id, order_status, order_date, required_date, shipped_date, store_id,staff_id) VALUES(54,35,4,'20160204','20160207','20160207',2,7);
INSERT INTO inventory.orders(order_id, customer_id, order_status, order_date, required_date, shipped_date, store_id,staff_id) VALUES(55,11,4,'20160204','20160207','20160206',2,6);
INSERT INTO inventory.orders(order_id, customer_id, order_status, order_date, required_date, shipped_date, store_id,staff_id) VALUES(56,41,4,'20160204','20160206','20160207',2,6);
INSERT INTO inventory.orders(order_id, customer_id, order_status, order_date, required_date, shipped_date, store_id,staff_id) VALUES(57,13,4,'20160204','20160206','20160206',2,7);
INSERT INTO inventory.orders(order_id, customer_id, order_status, order_date, required_date, shipped_date, store_id,staff_id) VALUES(58,54,4,'20160205','20160207','20160207',2,6);
INSERT INTO inventory.orders(order_id, customer_id, order_status, order_date, required_date, shipped_date, store_id,staff_id) VALUES(59,53,4,'20160205','20160207','20160206',2,7);
INSERT INTO inventory.orders(order_id, customer_id, order_status, order_date, required_date, shipped_date, store_id,staff_id) VALUES(60,15,4,'20160206','20160208','20160207',1,3);
INSERT INTO inventory.orders(order_id, customer_id, order_status, order_date, required_date, shipped_date, store_id,staff_id) VALUES(61,27,4,'20160206','20160209','20160209',2,7);
INSERT INTO inventory.orders(order_id, customer_id, order_status, order_date, required_date, shipped_date, store_id,staff_id) VALUES(62,28,4,'20160207','20160210','20160210',1,2);
INSERT INTO inventory.orders(order_id, customer_id, order_status, order_date, required_date, shipped_date, store_id,staff_id) VALUES(63,10,4,'20160207','20160209','20160209',2,7);
INSERT INTO inventory.orders(order_id, customer_id, order_status, order_date, required_date, shipped_date, store_id,staff_id) VALUES(64,11,4,'20160207','20160208','20160209',2,6);
INSERT INTO inventory.orders(order_id, customer_id, order_status, order_date, required_date, shipped_date, store_id,staff_id) VALUES(65,6,4,'20160208','20160209','20160211',2,6);
INSERT INTO inventory.orders(order_id, customer_id, order_status, order_date, required_date, shipped_date, store_id,staff_id) VALUES(66,12,4,'20160209','20160212','20160212',2,7);
INSERT INTO inventory.orders(order_id, customer_id, order_status, order_date, required_date, shipped_date, store_id,staff_id) VALUES(67,56,4,'20160209','20160211','20160210',3,8);
INSERT INTO inventory.orders(order_id, customer_id, order_status, order_date, required_date, shipped_date, store_id,staff_id) VALUES(68,31,4,'20160210','20160211','20160213',2,6);
INSERT INTO inventory.orders(order_id, customer_id, order_status, order_date, required_date, shipped_date, store_id,staff_id) VALUES(69,14,4,'20160210','20160212','20160211',2,7);
INSERT INTO inventory.orders(order_id, customer_id, order_status, order_date, required_date, shipped_date, store_id,staff_id) VALUES(70,50,3,'20160211','20160211',NULL,3,9);
INSERT INTO inventory.orders(order_id, customer_id, order_status, order_date, required_date, shipped_date, store_id,staff_id) VALUES(71,17,4,'20160211','20160214','20160212',2,7);
INSERT INTO inventory.orders(order_id, customer_id, order_status, order_date, required_date, shipped_date, store_id,staff_id) VALUES(72,13,4,'20160212','20160215','20160213',1,2);
INSERT INTO inventory.orders(order_id, customer_id, order_status, order_date, required_date, shipped_date, store_id,staff_id) VALUES(73,12,4,'20160212','20160215','20160214',2,7);
INSERT INTO inventory.orders(order_id, customer_id, order_status, order_date, required_date, shipped_date, store_id,staff_id) VALUES(74,24,4,'20160213','20160215','20160215',2,7);
INSERT INTO inventory.orders(order_id, customer_id, order_status, order_date, required_date, shipped_date, store_id,staff_id) VALUES(75,57,4,'20160214','20160215','20160217',2,6);
INSERT INTO inventory.orders(order_id, customer_id, order_status, order_date, required_date, shipped_date, store_id,staff_id) VALUES(76,9,3,'20160216','20160216',NULL,2,6);
INSERT INTO inventory.orders(order_id, customer_id, order_status, order_date, required_date, shipped_date, store_id,staff_id) VALUES(77,38,4,'20160216','20160219','20160219',1,2);
INSERT INTO inventory.orders(order_id, customer_id, order_status, order_date, required_date, shipped_date, store_id,staff_id) VALUES(78,12,4,'20160216','20160218','20160219',2,7);
INSERT INTO inventory.orders(order_id, customer_id, order_status, order_date, required_date, shipped_date, store_id,staff_id) VALUES(79,29,4,'20160217','20160220','20160220',1,3);
INSERT INTO inventory.orders(order_id, customer_id, order_status, order_date, required_date, shipped_date, store_id,staff_id) VALUES(80,3,4,'20160217','20160220','20160219',2,6);
INSERT INTO inventory.orders(order_id, customer_id, order_status, order_date, required_date, shipped_date, store_id,staff_id) VALUES(81,21,4,'20160217','20160219','20160218',2,6);
INSERT INTO inventory.orders(order_id, customer_id, order_status, order_date, required_date, shipped_date, store_id,staff_id) VALUES(82, 23,4,'20160218','20160221','20160220',2,6);
INSERT INTO inventory.orders(order_id, customer_id, order_status, order_date, required_date, shipped_date, store_id,staff_id) VALUES(83, 3,4,'20160219','20160220','20160220',1,3);
INSERT INTO inventory.orders(order_id, customer_id, order_status, order_date, required_date, shipped_date, store_id,staff_id) VALUES(84,17,4,'20160220','20160222','20160221',2,7);
INSERT INTO inventory.orders(order_id, customer_id, order_status, order_date, required_date, shipped_date, store_id,staff_id) VALUES(85,17,4,'20160220','20160223','20160221',2,7);
INSERT INTO inventory.orders(order_id, customer_id, order_status, order_date, required_date, shipped_date, store_id,staff_id) VALUES(86,26,4,'20160221','20160222','20160223',2,7);
INSERT INTO inventory.orders(order_id, customer_id, order_status, order_date, required_date, shipped_date, store_id,staff_id) VALUES(87,16,4,'20160221','20160222','20160223',2,6);
INSERT INTO inventory.orders(order_id, customer_id, order_status, order_date, required_date, shipped_date, store_id,staff_id) VALUES(88,10,4,'20160221','20160222','20160223',2,6);
INSERT INTO inventory.orders(order_id, customer_id, order_status, order_date, required_date, shipped_date, store_id,staff_id) VALUES(89,58,4,'20160221','20160224','20160224',3,8);
INSERT INTO inventory.orders(order_id, customer_id, order_status, order_date, required_date, shipped_date, store_id,staff_id) VALUES(90,14,4,'20160223','20160225','20160224',2,7);
INSERT INTO inventory.orders(order_id, customer_id, order_status, order_date, required_date, shipped_date, store_id,staff_id) VALUES(91,48,4,'20160225','20160227','20160228',1,2);
INSERT INTO inventory.orders(order_id, customer_id, order_status, order_date, required_date, shipped_date, store_id,staff_id) VALUES(92,19,4,'20160225','20160228','20160228',2,7);
INSERT INTO inventory.orders(order_id, customer_id, order_status, order_date, required_date, shipped_date, store_id,staff_id) VALUES(93,28,4,'20160226','20160228','20160227',1,3);
INSERT INTO inventory.orders(order_id, customer_id, order_status, order_date, required_date, shipped_date, store_id,staff_id) VALUES(94,29,4,'20160227','20160228','20160229',1,2);
INSERT INTO inventory.orders(order_id, customer_id, order_status, order_date, required_date, shipped_date, store_id,staff_id) VALUES(95,18,4,'20160227','20160229','20160228',2,7);
INSERT INTO inventory.orders(order_id, customer_id, order_status, order_date, required_date, shipped_date, store_id,staff_id) VALUES(96,10,4,'20160227','20160229','20160228',2,7);
INSERT INTO inventory.orders(order_id, customer_id, order_status, order_date, required_date, shipped_date, store_id,staff_id) VALUES(97,24,4,'20160228','20160229','20160301',2,7);
INSERT INTO inventory.orders(order_id, customer_id, order_status, order_date, required_date, shipped_date, store_id,staff_id) VALUES(98,14,4,'20160228','20160229','20160229',2,6);
INSERT INTO inventory.orders(order_id, customer_id, order_status, order_date, required_date, shipped_date, store_id,staff_id) VALUES(99,15,4,'20160229','20160301','20160303',3,9);
INSERT INTO inventory.orders(order_id, customer_id, order_status, order_date, required_date, shipped_date, store_id,staff_id) VALUES(100,12,4,'20160301','20160304','20160303',2,7);
INSERT INTO inventory.orders(order_id, customer_id, order_status, order_date, required_date, shipped_date, store_id,staff_id) VALUES(101,21,4,'20160301','20160304','20160304',3,8);
INSERT INTO inventory.orders(order_id, customer_id, order_status, order_date, required_date, shipped_date, store_id,staff_id) VALUES(102,36,4,'20160302','20160305','20160303',2,7);
INSERT INTO inventory.orders(order_id, customer_id, order_status, order_date, required_date, shipped_date, store_id,staff_id) VALUES(103,61,4,'20160303','20160306','20160305',1,2);
INSERT INTO inventory.orders(order_id, customer_id, order_status, order_date, required_date, shipped_date, store_id,staff_id) VALUES(104,7,4,'20160303','20160305','20160305',2,7);
INSERT INTO inventory.orders(order_id, customer_id, order_status, order_date, required_date, shipped_date, store_id,staff_id) VALUES(105,36,4,'20160303','20160305','20160304',2,7);
INSERT INTO inventory.orders(order_id, customer_id, order_status, order_date, required_date, shipped_date, store_id,staff_id) VALUES(106,22,4,'20160304','20160305','20160305',3,9);
INSERT INTO inventory.orders(order_id, customer_id, order_status, order_date, required_date, shipped_date, store_id,staff_id) VALUES(107,33,4,'20160306','20160309','20160309',1,2);
INSERT INTO inventory.orders(order_id, customer_id, order_status, order_date, required_date, shipped_date, store_id,staff_id) VALUES(108,12,4,'20160306','20160309','20160307',2,6);




INSERT INTO inventory.stores(store_id,store_name, store_phone, store_email, street, city, state, zip_code)
VALUES(1,'Santa Cruz Bikes','(831) 476-4321','santacruz@bikes.shop','3700 Portola Drive', 'Santa Cruz','CA',95060),
      (2,'Baldwin Bikes','(516) 379-8888','baldwin@bikes.shop','4200 Chestnut Lane', 'Baldwin','NY',11432),
      (3,'Rowlett Bikes','(972) 530-5555','rowlett@bikes.shop','8000 Fairway Avenue', 'Rowlett','TX',75088);



INSERT INTO inventory.staff(staff_id, first_name, last_name, staff_email, staff_phone,store_id, staff_manager_id) VALUES(1,'Fabiola','Jackson','fabiola.jackson@bikes.shop','(831) 555-5554',1,NULL);
INSERT INTO inventory.staff(staff_id, first_name, last_name, staff_email, staff_phone,store_id, staff_manager_id) VALUES(2,'Mireya','Copeland','mireya.copeland@bikes.shop','(831) 555-5555', 1,1);
INSERT INTO inventory.staff(staff_id, first_name, last_name, staff_email, staff_phone,store_id, staff_manager_id) VALUES(3,'Genna','Serrano','genna.serrano@bikes.shop','(831) 555-5556', 1,2);
INSERT INTO inventory.staff(staff_id, first_name, last_name, staff_email, staff_phone,store_id, staff_manager_id) VALUES(4,'Virgie','Wiggins','virgie.wiggins@bikes.shop','(831) 555-5557', 1,2);
INSERT INTO inventory.staff(staff_id, first_name, last_name, staff_email, staff_phone,store_id, staff_manager_id) VALUES(5,'Jannette','David','jannette.david@bikes.shop','(516) 379-4444', 2,1);
INSERT INTO inventory.staff(staff_id, first_name, last_name, staff_email, staff_phone,store_id, staff_manager_id) VALUES(6,'Marcelene','Boyer','marcelene.boyer@bikes.shop','(516) 379-4445', 2,5);
INSERT INTO inventory.staff(staff_id, first_name, last_name, staff_email, staff_phone,store_id, staff_manager_id) VALUES(7,'Venita','Daniel','venita.daniel@bikes.shop','(516) 379-4446', 2,5);
INSERT INTO inventory.staff(staff_id, first_name, last_name, staff_email, staff_phone,store_id, staff_manager_id) VALUES(8,'Kali','Vargas','kali.vargas@bikes.shop','(972) 530-5555', 3,1);
INSERT INTO inventory.staff(staff_id, first_name, last_name, staff_email, staff_phone,store_id, staff_manager_id) VALUES(9,'Layla','Terrell','layla.terrell@bikes.shop','(972) 530-5556',3,7);
INSERT INTO inventory.staff(staff_id, first_name, last_name, staff_email, staff_phone,store_id, staff_manager_id) VALUES(10,'Bernardine','Houston','bernardine.houston@bikes.shop','(972) 530-5557', 3,7);



INSERT INTO production.stocks(store_id, product_id, quantity) VALUES(1,101,27);
INSERT INTO production.stocks(store_id, product_id, quantity) VALUES(1,103,6);
INSERT INTO production.stocks(store_id, product_id, quantity) VALUES(1,106,0);
INSERT INTO production.stocks(store_id, product_id, quantity) VALUES(1,108,0);
INSERT INTO production.stocks(store_id, product_id, quantity) VALUES(1,109,11);
INSERT INTO production.stocks(store_id, product_id, quantity) VALUES(1,110,15);
INSERT INTO production.stocks(store_id, product_id, quantity) VALUES(1,111,8);
INSERT INTO production.stocks(store_id, product_id, quantity) VALUES(1,112,16);
INSERT INTO production.stocks(store_id, product_id, quantity) VALUES(1,113,13);
INSERT INTO production.stocks(store_id, product_id, quantity) VALUES(1,114,8);
INSERT INTO production.stocks(store_id, product_id, quantity) VALUES(1,115,3);
INSERT INTO production.stocks(store_id, product_id, quantity) VALUES(1,116,4);
INSERT INTO production.stocks(store_id, product_id, quantity) VALUES(1,117,2);
INSERT INTO production.stocks(store_id, product_id, quantity) VALUES(1,118,16);
INSERT INTO production.stocks(store_id, product_id, quantity) VALUES(1,119,4);
INSERT INTO production.stocks(store_id, product_id, quantity) VALUES(1,120,26);
INSERT INTO production.stocks(store_id, product_id, quantity) VALUES(1,121,24);
INSERT INTO production.stocks(store_id, product_id, quantity) VALUES(1,122,29);
INSERT INTO production.stocks(store_id, product_id, quantity) VALUES(1,123,9);
INSERT INTO production.stocks(store_id, product_id, quantity) VALUES(1,124,10);
INSERT INTO production.stocks(store_id, product_id, quantity) VALUES(1,125,10);

INSERT INTO production.stocks(store_id, product_id, quantity) VALUES(1,130,30);
INSERT INTO production.stocks(store_id, product_id, quantity) VALUES(1,135,18);
INSERT INTO production.stocks(store_id, product_id, quantity) VALUES(1,136,26);
INSERT INTO production.stocks(store_id, product_id, quantity) VALUES(1,137,12);
INSERT INTO production.stocks(store_id, product_id, quantity) VALUES(1,138,13);
INSERT INTO production.stocks(store_id, product_id, quantity) VALUES(1,139,2);
INSERT INTO production.stocks(store_id, product_id, quantity) VALUES(1,140,24);
INSERT INTO production.stocks(store_id, product_id, quantity) VALUES(1,141,10);
INSERT INTO production.stocks(store_id, product_id, quantity) VALUES(1,142,0);
INSERT INTO production.stocks(store_id, product_id, quantity) VALUES(1,143,2);
INSERT INTO production.stocks(store_id, product_id, quantity) VALUES(1,144,1);
INSERT INTO production.stocks(store_id, product_id, quantity) VALUES(1,145,15);
INSERT INTO production.stocks(store_id, product_id, quantity) VALUES(1,146,19);
INSERT INTO production.stocks(store_id, product_id, quantity) VALUES(1,147,21);
INSERT INTO production.stocks(store_id, product_id, quantity) VALUES(1,148,5);
INSERT INTO production.stocks(store_id, product_id, quantity) VALUES(1,149,8);
INSERT INTO production.stocks(store_id, product_id, quantity) VALUES(1,151,2);
INSERT INTO production.stocks(store_id, product_id, quantity) VALUES(1,152,18);
INSERT INTO production.stocks(store_id, product_id, quantity) VALUES(1,155,11);
INSERT INTO production.stocks(store_id, product_id, quantity) VALUES(1,158,1);
INSERT INTO production.stocks(store_id, product_id, quantity) VALUES(1,160,19);
INSERT INTO production.stocks(store_id, product_id, quantity) VALUES(1,161,30);
INSERT INTO production.stocks(store_id, product_id, quantity) VALUES(1,163,4);

INSERT INTO production.stocks(store_id, product_id, quantity) VALUES(1,170,3);
INSERT INTO production.stocks(store_id, product_id, quantity) VALUES(1,201,17);
INSERT INTO production.stocks(store_id, product_id, quantity) VALUES(1,202,9);
INSERT INTO production.stocks(store_id, product_id, quantity) VALUES(1,203,13);
INSERT INTO production.stocks(store_id, product_id, quantity) VALUES(1,204,25);
INSERT INTO production.stocks(store_id, product_id, quantity) VALUES(1,301,11);
INSERT INTO production.stocks(store_id, product_id, quantity) VALUES(1,302,17);
INSERT INTO production.stocks(store_id, product_id, quantity) VALUES(1,303,24);
INSERT INTO production.stocks(store_id, product_id, quantity) VALUES(1,304,3);
INSERT INTO production.stocks(store_id, product_id, quantity) VALUES(1,305,10);
INSERT INTO production.stocks(store_id, product_id, quantity) VALUES(1,306,24);
INSERT INTO production.stocks(store_id, product_id, quantity) VALUES(1,307,15);
INSERT INTO production.stocks(store_id, product_id, quantity) VALUES(1,308,12);
INSERT INTO production.stocks(store_id, product_id, quantity) VALUES(1,309,17);
INSERT INTO production.stocks(store_id, product_id, quantity) VALUES(1,310,23);
INSERT INTO production.stocks(store_id, product_id, quantity) VALUES(1,311,19);
INSERT INTO production.stocks(store_id, product_id, quantity) VALUES(1,312,22);
INSERT INTO production.stocks(store_id, product_id, quantity) VALUES(1,313,8);
INSERT INTO production.stocks(store_id, product_id, quantity) VALUES(1,314,23);
INSERT INTO production.stocks(store_id, product_id, quantity) VALUES(1,315,22);
INSERT INTO production.stocks(store_id, product_id, quantity) VALUES(1,316,28);
INSERT INTO production.stocks(store_id, product_id, quantity) VALUES(1,317,11);
INSERT INTO production.stocks(store_id, product_id, quantity) VALUES(1,318,21);
INSERT INTO production.stocks(store_id, product_id, quantity) VALUES(1,319,22);
INSERT INTO production.stocks(store_id, product_id, quantity) VALUES(1,320,20);
INSERT INTO production.stocks(store_id, product_id, quantity) VALUES(1,321,1);
INSERT INTO production.stocks(store_id, product_id, quantity) VALUES(1,322,9);
INSERT INTO production.stocks(store_id, product_id, quantity) VALUES(1,323,26);
INSERT INTO production.stocks(store_id, product_id, quantity) VALUES(1,324,15);
INSERT INTO production.stocks(store_id, product_id, quantity) VALUES(1,325,12);
INSERT INTO production.stocks(store_id, product_id, quantity) VALUES(1,326,12);
INSERT INTO production.stocks(store_id, product_id, quantity) VALUES(1,327,6);
INSERT INTO production.stocks(store_id, product_id, quantity) VALUES(1,332,17);
INSERT INTO production.stocks(store_id, product_id, quantity) VALUES(1,409,3);
INSERT INTO production.stocks(store_id, product_id, quantity) VALUES(1,410,21);
INSERT INTO production.stocks(store_id, product_id, quantity) VALUES(1,411,22);
INSERT INTO production.stocks(store_id, product_id, quantity) VALUES(1,412,19);
INSERT INTO production.stocks(store_id, product_id, quantity) VALUES(1,413,7);
INSERT INTO production.stocks(store_id, product_id, quantity) VALUES(1,414,5);
INSERT INTO production.stocks(store_id, product_id, quantity) VALUES(1,415,6);
INSERT INTO production.stocks(store_id, product_id, quantity) VALUES(1,416,8);
INSERT INTO production.stocks(store_id, product_id, quantity) VALUES(1,417,6);
INSERT INTO production.stocks(store_id, product_id, quantity) VALUES(1,418,1);
INSERT INTO production.stocks(store_id, product_id, quantity) VALUES(1,419,22);
INSERT INTO production.stocks(store_id, product_id, quantity) VALUES(1,420,24);
INSERT INTO production.stocks(store_id, product_id, quantity) VALUES(1,421,12);
INSERT INTO production.stocks(store_id, product_id, quantity) VALUES(1,422,25);
INSERT INTO production.stocks(store_id, product_id, quantity) VALUES(1,423,13);
INSERT INTO production.stocks(store_id, product_id, quantity) VALUES(1,424,8);
INSERT INTO production.stocks(store_id, product_id, quantity) VALUES(1,425,13);
INSERT INTO production.stocks(store_id, product_id, quantity) VALUES(1,426,25);
INSERT INTO production.stocks(store_id, product_id, quantity) VALUES(1,427,11);
INSERT INTO production.stocks(store_id, product_id, quantity) VALUES(1,428,18);

INSERT INTO production.stocks(store_id, product_id, quantity) VALUES(2,101,7);
INSERT INTO production.stocks(store_id, product_id, quantity) VALUES(2,103,16);
INSERT INTO production.stocks(store_id, product_id, quantity) VALUES(2,106,10);
INSERT INTO production.stocks(store_id, product_id, quantity) VALUES(2,108,10);
INSERT INTO production.stocks(store_id, product_id, quantity) VALUES(2,109,101);
INSERT INTO production.stocks(store_id, product_id, quantity) VALUES(2,110,1);
INSERT INTO production.stocks(store_id, product_id, quantity) VALUES(2,111,18);
INSERT INTO production.stocks(store_id, product_id, quantity) VALUES(2,112,6);
INSERT INTO production.stocks(store_id, product_id, quantity) VALUES(2,113,113);
INSERT INTO production.stocks(store_id, product_id, quantity) VALUES(2,114,82);
INSERT INTO production.stocks(store_id, product_id, quantity) VALUES(2,115,30);
INSERT INTO production.stocks(store_id, product_id, quantity) VALUES(2,116,44);
INSERT INTO production.stocks(store_id, product_id, quantity) VALUES(2,117,25);
INSERT INTO production.stocks(store_id, product_id, quantity) VALUES(2,118,1);
INSERT INTO production.stocks(store_id, product_id, quantity) VALUES(2,119,4);
INSERT INTO production.stocks(store_id, product_id, quantity) VALUES(2,120,36);
INSERT INTO production.stocks(store_id, product_id, quantity) VALUES(2,121,84);
INSERT INTO production.stocks(store_id, product_id, quantity) VALUES(2,122,99);
INSERT INTO production.stocks(store_id, product_id, quantity) VALUES(2,123,90);
INSERT INTO production.stocks(store_id, product_id, quantity) VALUES(2,124,100);
INSERT INTO production.stocks(store_id, product_id, quantity) VALUES(2,125,101);

INSERT INTO production.stocks(store_id, product_id, quantity) VALUES(2,130,30);
INSERT INTO production.stocks(store_id, product_id, quantity) VALUES(2,135,11);
INSERT INTO production.stocks(store_id, product_id, quantity) VALUES(2,136,25);
INSERT INTO production.stocks(store_id, product_id, quantity) VALUES(2,137,26);
INSERT INTO production.stocks(store_id, product_id, quantity) VALUES(2,138,16);
INSERT INTO production.stocks(store_id, product_id, quantity) VALUES(2,139,16);
INSERT INTO production.stocks(store_id, product_id, quantity) VALUES(2,140,56);
INSERT INTO production.stocks(store_id, product_id, quantity) VALUES(2,141,25);
INSERT INTO production.stocks(store_id, product_id, quantity) VALUES(2,142,10);
INSERT INTO production.stocks(store_id, product_id, quantity) VALUES(2,143,20);
INSERT INTO production.stocks(store_id, product_id, quantity) VALUES(2,144,11);
INSERT INTO production.stocks(store_id, product_id, quantity) VALUES(2,145,55);
INSERT INTO production.stocks(store_id, product_id, quantity) VALUES(2,146,99);
INSERT INTO production.stocks(store_id, product_id, quantity) VALUES(2,147,91);
INSERT INTO production.stocks(store_id, product_id, quantity) VALUES(2,148,06);
INSERT INTO production.stocks(store_id, product_id, quantity) VALUES(2,149,80);
INSERT INTO production.stocks(store_id, product_id, quantity) VALUES(2,151,20);
INSERT INTO production.stocks(store_id, product_id, quantity) VALUES(2,152,11);
INSERT INTO production.stocks(store_id, product_id, quantity) VALUES(2,155,11);
INSERT INTO production.stocks(store_id, product_id, quantity) VALUES(2,158,10);
INSERT INTO production.stocks(store_id, product_id, quantity) VALUES(2,160,19);
INSERT INTO production.stocks(store_id, product_id, quantity) VALUES(2,161,30);
INSERT INTO production.stocks(store_id, product_id, quantity) VALUES(2,163,40);

INSERT INTO production.stocks(store_id, product_id, quantity) VALUES(2,170,31);
INSERT INTO production.stocks(store_id, product_id, quantity) VALUES(2,201,27);
INSERT INTO production.stocks(store_id, product_id, quantity) VALUES(2,202,90);
INSERT INTO production.stocks(store_id, product_id, quantity) VALUES(2,203,14);
INSERT INTO production.stocks(store_id, product_id, quantity) VALUES(2,204,256);
INSERT INTO production.stocks(store_id, product_id, quantity) VALUES(2,301,110);
INSERT INTO production.stocks(store_id, product_id, quantity) VALUES(2,302,67);
INSERT INTO production.stocks(store_id, product_id, quantity) VALUES(2,303,84);
INSERT INTO production.stocks(store_id, product_id, quantity) VALUES(2,304,99);
INSERT INTO production.stocks(store_id, product_id, quantity) VALUES(2,305,100);
INSERT INTO production.stocks(store_id, product_id, quantity) VALUES(2,306,24);
INSERT INTO production.stocks(store_id, product_id, quantity) VALUES(2,307,5);
INSERT INTO production.stocks(store_id, product_id, quantity) VALUES(2,308,212);
INSERT INTO production.stocks(store_id, product_id, quantity) VALUES(2,309,27);
INSERT INTO production.stocks(store_id, product_id, quantity) VALUES(2,310,93);
INSERT INTO production.stocks(store_id, product_id, quantity) VALUES(2,311,29);
INSERT INTO production.stocks(store_id, product_id, quantity) VALUES(2,312,02);
INSERT INTO production.stocks(store_id, product_id, quantity) VALUES(2,313,2);
INSERT INTO production.stocks(store_id, product_id, quantity) VALUES(2,314,13);
INSERT INTO production.stocks(store_id, product_id, quantity) VALUES(2,315,22);
INSERT INTO production.stocks(store_id, product_id, quantity) VALUES(2,316,98);

INSERT INTO production.stocks(store_id, product_id, quantity) VALUES(2,317,110);
INSERT INTO production.stocks(store_id, product_id, quantity) VALUES(2,318,91);
INSERT INTO production.stocks(store_id, product_id, quantity) VALUES(2,319,022);
INSERT INTO production.stocks(store_id, product_id, quantity) VALUES(2,320,10);

INSERT INTO production.stocks(store_id, product_id, quantity) VALUES(3,101,17);
INSERT INTO production.stocks(store_id, product_id, quantity) VALUES(3,103,6);
INSERT INTO production.stocks(store_id, product_id, quantity) VALUES(3,106,00);
INSERT INTO production.stocks(store_id, product_id, quantity) VALUES(3,108,12);
INSERT INTO production.stocks(store_id, product_id, quantity) VALUES(3,109,11);
INSERT INTO production.stocks(store_id, product_id, quantity) VALUES(3,110,11);
INSERT INTO production.stocks(store_id, product_id, quantity) VALUES(3,111,13);
INSERT INTO production.stocks(store_id, product_id, quantity) VALUES(3,112,64);
INSERT INTO production.stocks(store_id, product_id, quantity) VALUES(3,113,13);
INSERT INTO production.stocks(store_id, product_id, quantity) VALUES(3,114,32);
INSERT INTO production.stocks(store_id, product_id, quantity) VALUES(3,115,70);
INSERT INTO production.stocks(store_id, product_id, quantity) VALUES(3,116,74);
INSERT INTO production.stocks(store_id, product_id, quantity) VALUES(3,117,45);
INSERT INTO production.stocks(store_id, product_id, quantity) VALUES(3,118,10);
INSERT INTO production.stocks(store_id, product_id, quantity) VALUES(3,119,4);
INSERT INTO production.stocks(store_id, product_id, quantity) VALUES(3,120,36);
INSERT INTO production.stocks(store_id, product_id, quantity) VALUES(3,121,84);
INSERT INTO production.stocks(store_id, product_id, quantity) VALUES(3,122,99);
INSERT INTO production.stocks(store_id, product_id, quantity) VALUES(3,123,90);
INSERT INTO production.stocks(store_id, product_id, quantity) VALUES(3,124,10);
INSERT INTO production.stocks(store_id, product_id, quantity) VALUES(3,125,01);

INSERT INTO production.stocks(store_id, product_id, quantity) VALUES(3,130,130);
INSERT INTO production.stocks(store_id, product_id, quantity) VALUES(3,135,121);
INSERT INTO production.stocks(store_id, product_id, quantity) VALUES(3,136,24);
INSERT INTO production.stocks(store_id, product_id, quantity) VALUES(3,137,24);
INSERT INTO production.stocks(store_id, product_id, quantity) VALUES(3,138,12);
INSERT INTO production.stocks(store_id, product_id, quantity) VALUES(3,139,316);
INSERT INTO production.stocks(store_id, product_id, quantity) VALUES(3,140,26);
INSERT INTO production.stocks(store_id, product_id, quantity) VALUES(3,141,35);
INSERT INTO production.stocks(store_id, product_id, quantity) VALUES(3,142,10);
INSERT INTO production.stocks(store_id, product_id, quantity) VALUES(3,143,20);
INSERT INTO production.stocks(store_id, product_id, quantity) VALUES(3,144,11);
INSERT INTO production.stocks(store_id, product_id, quantity) VALUES(3,145,55);
INSERT INTO production.stocks(store_id, product_id, quantity) VALUES(3,146,99);
INSERT INTO production.stocks(store_id, product_id, quantity) VALUES(3,147,91);
INSERT INTO production.stocks(store_id, product_id, quantity) VALUES(3,148,06);
INSERT INTO production.stocks(store_id, product_id, quantity) VALUES(3,149,80);
INSERT INTO production.stocks(store_id, product_id, quantity) VALUES(3,151,20);
INSERT INTO production.stocks(store_id, product_id, quantity) VALUES(3,152,11);
INSERT INTO production.stocks(store_id, product_id, quantity) VALUES(3,155,91);
INSERT INTO production.stocks(store_id, product_id, quantity) VALUES(3,158,70);
INSERT INTO production.stocks(store_id, product_id, quantity) VALUES(3,160,89);
INSERT INTO production.stocks(store_id, product_id, quantity) VALUES(3,161,80);
INSERT INTO production.stocks(store_id, product_id, quantity) VALUES(3,163,70);

INSERT INTO production.stocks(store_id, product_id, quantity) VALUES(3,170,81);
INSERT INTO production.stocks(store_id, product_id, quantity) VALUES(3,201,87);
INSERT INTO production.stocks(store_id, product_id, quantity) VALUES(3,202,70);
INSERT INTO production.stocks(store_id, product_id, quantity) VALUES(3,203,14);
INSERT INTO production.stocks(store_id, product_id, quantity) VALUES(3,204,256);
INSERT INTO production.stocks(store_id, product_id, quantity) VALUES(3,301,110);
INSERT INTO production.stocks(store_id, product_id, quantity) VALUES(3,302,67);
INSERT INTO production.stocks(store_id, product_id, quantity) VALUES(3,303,84);
INSERT INTO production.stocks(store_id, product_id, quantity) VALUES(3,304,99);
INSERT INTO production.stocks(store_id, product_id, quantity) VALUES(3,305,100);
INSERT INTO production.stocks(store_id, product_id, quantity) VALUES(3,306,24);
INSERT INTO production.stocks(store_id, product_id, quantity) VALUES(3,307,5);
INSERT INTO production.stocks(store_id, product_id, quantity) VALUES(3,308,212);
INSERT INTO production.stocks(store_id, product_id, quantity) VALUES(3,309,27);
INSERT INTO production.stocks(store_id, product_id, quantity) VALUES(3,310,93);
INSERT INTO production.stocks(store_id, product_id, quantity) VALUES(3,311,29);
INSERT INTO production.stocks(store_id, product_id, quantity) VALUES(3,312,02);
INSERT INTO production.stocks(store_id, product_id, quantity) VALUES(3,313,2);
INSERT INTO production.stocks(store_id, product_id, quantity) VALUES(3,314,13);
INSERT INTO production.stocks(store_id, product_id, quantity) VALUES(3,315,22);
INSERT INTO production.stocks(store_id, product_id, quantity) VALUES(3,316,112);
INSERT INTO production.stocks(store_id, product_id, quantity) VALUES(3,317,110);
INSERT INTO production.stocks(store_id, product_id, quantity) VALUES(3,318,91);
INSERT INTO production.stocks(store_id, product_id, quantity) VALUES(3,319,42);
INSERT INTO production.stocks(store_id, product_id, quantity) VALUES(3,320,40);
INSERT INTO production.stocks(store_id, product_id, quantity) VALUES(3,321,56);
INSERT INTO production.stocks(store_id, product_id, quantity) VALUES(3,322,59);
INSERT INTO production.stocks(store_id, product_id, quantity) VALUES(3,323,56);
INSERT INTO production.stocks(store_id, product_id, quantity) VALUES(3,324,55);
INSERT INTO production.stocks(store_id, product_id, quantity) VALUES(3,325,52);
INSERT INTO production.stocks(store_id, product_id, quantity) VALUES(3,326,02);
INSERT INTO production.stocks(store_id, product_id, quantity) VALUES(3,327,23);
INSERT INTO production.stocks(store_id, product_id, quantity) VALUES(3,332,67);
INSERT INTO production.stocks(store_id, product_id, quantity) VALUES(3,409,78);
INSERT INTO production.stocks(store_id, product_id, quantity) VALUES(3,410,89);
INSERT INTO production.stocks(store_id, product_id, quantity) VALUES(3,411,29);
INSERT INTO production.stocks(store_id, product_id, quantity) VALUES(3,412,13);
INSERT INTO production.stocks(store_id, product_id, quantity) VALUES(3,413,04);
INSERT INTO production.stocks(store_id, product_id, quantity) VALUES(3,414,0);
INSERT INTO production.stocks(store_id, product_id, quantity) VALUES(3,415,61);
INSERT INTO production.stocks(store_id, product_id, quantity) VALUES(3,416,37);
INSERT INTO production.stocks(store_id, product_id, quantity) VALUES(3,417,50);
INSERT INTO production.stocks(store_id, product_id, quantity) VALUES(3,418,63);
INSERT INTO production.stocks(store_id, product_id, quantity) VALUES(3,419,02);
INSERT INTO production.stocks(store_id, product_id, quantity) VALUES(3,420,64);
INSERT INTO production.stocks(store_id, product_id, quantity) VALUES(3,421,82);
INSERT INTO production.stocks(store_id, product_id, quantity) VALUES(3,422,95);
INSERT INTO production.stocks(store_id, product_id, quantity) VALUES(3,423,53);
INSERT INTO production.stocks(store_id, product_id, quantity) VALUES(3,424,35);
INSERT INTO production.stocks(store_id, product_id, quantity) VALUES(3,425,33);
INSERT INTO production.stocks(store_id, product_id, quantity) VALUES(3,426,5);
INSERT INTO production.stocks(store_id, product_id, quantity) VALUES(3,427,61);
INSERT INTO production.stocks(store_id, product_id, quantity) VALUES(3,428,88);


INSERT INTO production.stocks(store_id, product_id, quantity) VALUES(2,321,16);
INSERT INTO production.stocks(store_id, product_id, quantity) VALUES(2,322,89);
INSERT INTO production.stocks(store_id, product_id, quantity) VALUES(2,323,86);
INSERT INTO production.stocks(store_id, product_id, quantity) VALUES(2,324,05);
INSERT INTO production.stocks(store_id, product_id, quantity) VALUES(2,325,62);
INSERT INTO production.stocks(store_id, product_id, quantity) VALUES(2,326,02);
INSERT INTO production.stocks(store_id, product_id, quantity) VALUES(2,327,23);
INSERT INTO production.stocks(store_id, product_id, quantity) VALUES(2,332,17);
INSERT INTO production.stocks(store_id, product_id, quantity) VALUES(2,409,38);
INSERT INTO production.stocks(store_id, product_id, quantity) VALUES(2,410,29);
INSERT INTO production.stocks(store_id, product_id, quantity) VALUES(2,411,2);
INSERT INTO production.stocks(store_id, product_id, quantity) VALUES(2,412,19);
INSERT INTO production.stocks(store_id, product_id, quantity) VALUES(2,413,06);
INSERT INTO production.stocks(store_id, product_id, quantity) VALUES(2,414,0);
INSERT INTO production.stocks(store_id, product_id, quantity) VALUES(2,415,61);
INSERT INTO production.stocks(store_id, product_id, quantity) VALUES(2,416,87);
INSERT INTO production.stocks(store_id, product_id, quantity) VALUES(2,417,60);
INSERT INTO production.stocks(store_id, product_id, quantity) VALUES(2,418,13);
INSERT INTO production.stocks(store_id, product_id, quantity) VALUES(2,419,202);
INSERT INTO production.stocks(store_id, product_id, quantity) VALUES(2,420,64);
INSERT INTO production.stocks(store_id, product_id, quantity) VALUES(2,421,42);
INSERT INTO production.stocks(store_id, product_id, quantity) VALUES(2,422,05);
INSERT INTO production.stocks(store_id, product_id, quantity) VALUES(2,423,63);
INSERT INTO production.stocks(store_id, product_id, quantity) VALUES(2,424,05);
INSERT INTO production.stocks(store_id, product_id, quantity) VALUES(2,425,33);
INSERT INTO production.stocks(store_id, product_id, quantity) VALUES(2,426,95);
INSERT INTO production.stocks(store_id, product_id, quantity) VALUES(2,427,01);
INSERT INTO production.stocks(store_id, product_id, quantity) VALUES(2,428,08);



INSERT INTO Inventory.Order_Items(order_id, item_id, product_id, quantity, list_price,discount) VALUES(1,1,101,1,599.99,0.2);
INSERT INTO Inventory.Order_Items(order_id, item_id, product_id, quantity, list_price,discount) VALUES(1,2,103,2,1799.99,0.07);
INSERT INTO Inventory.Order_Items(order_id, item_id, product_id, quantity, list_price,discount) VALUES(1,3,106,2,1549.00,0.05);
INSERT INTO Inventory.Order_Items(order_id, item_id, product_id, quantity, list_price,discount) VALUES(1,4,116,2,599.99,0.05);
INSERT INTO Inventory.Order_Items(order_id, item_id, product_id, quantity, list_price,discount) VALUES(1,5,114,1,2899.99,0.2);
INSERT INTO Inventory.Order_Items(order_id, item_id, product_id, quantity, list_price,discount) VALUES(2,1,120,1,599.99,0.07);
INSERT INTO Inventory.Order_Items(order_id, item_id, product_id, quantity, list_price,discount) VALUES(2,2,116,2,599.99,0.05);
INSERT INTO Inventory.Order_Items(order_id, item_id, product_id, quantity, list_price,discount) VALUES(3,1,130,1,999.99,0.05);
INSERT INTO Inventory.Order_Items(order_id, item_id, product_id, quantity, list_price,discount) VALUES(3,2,120,1,599.99,0.05);
INSERT INTO Inventory.Order_Items(order_id, item_id, product_id, quantity, list_price,discount) VALUES(4,1,122,2,749.99,0.1);
INSERT INTO Inventory.Order_Items(order_id, item_id, product_id, quantity, list_price,discount) VALUES(5,1,109,2,1549.00,0.05);
INSERT INTO Inventory.Order_Items(order_id, item_id, product_id, quantity, list_price,discount) VALUES(5,2,170,1,429.00,0.07);
INSERT INTO Inventory.Order_Items(order_id, item_id, product_id, quantity, list_price,discount) VALUES(5,3,161,1,599.99,0.07);
INSERT INTO Inventory.Order_Items(order_id, item_id, product_id, quantity, list_price,discount) VALUES(6,1,118,1,449.00,0.07);
INSERT INTO Inventory.Order_Items(order_id, item_id, product_id, quantity, list_price,discount) VALUES(6,2,112,2,549.99,0.05);
INSERT INTO Inventory.Order_Items(order_id, item_id, product_id, quantity, list_price,discount) VALUES(6,3,130,1,599.99,0.1);
INSERT INTO Inventory.Order_Items(order_id, item_id, product_id, quantity, list_price,discount) VALUES(6,4,136,2,999.99,0.07);
INSERT INTO Inventory.Order_Items(order_id, item_id, product_id, quantity, list_price,discount) VALUES(6,5,319,2,2999.99,0.07);
INSERT INTO Inventory.Order_Items(order_id, item_id, product_id, quantity, list_price,discount) VALUES(7,1,315,1,529.99,0.07);
INSERT INTO Inventory.Order_Items(order_id, item_id, product_id, quantity, list_price,discount) VALUES(7,2,316,1,999.99,0.1);
INSERT INTO Inventory.Order_Items(order_id, item_id, product_id, quantity, list_price,discount) VALUES(7,3,317,2,429.00,0.1);
INSERT INTO Inventory.Order_Items(order_id, item_id, product_id, quantity, list_price,discount) VALUES(8,1,322,1,269.99,0.05);
INSERT INTO Inventory.Order_Items(order_id, item_id, product_id, quantity, list_price,discount) VALUES(8,2,420,2,599.99,0.07);
INSERT INTO Inventory.Order_Items(order_id, item_id, product_id, quantity, list_price,discount) VALUES(9,1,427,2,3999.99,0.1);
INSERT INTO Inventory.Order_Items(order_id, item_id, product_id, quantity, list_price,discount) VALUES(10,1,414,1,269.99,0.1);
INSERT INTO Inventory.Order_Items(order_id, item_id, product_id, quantity, list_price,discount) VALUES(11,1,418,1,1799.99,0.05);
INSERT INTO Inventory.Order_Items(order_id, item_id, product_id, quantity, list_price,discount) VALUES(11,2,322,2,269.99,0.1);
INSERT INTO Inventory.Order_Items(order_id, item_id, product_id, quantity, list_price,discount) VALUES(11,3,316,2,599.99,0.2);
INSERT INTO Inventory.Order_Items(order_id, item_id, product_id, quantity, list_price,discount) VALUES(12,1,414,2,2899.99,0.1);
INSERT INTO Inventory.Order_Items(order_id, item_id, product_id, quantity, list_price,discount) VALUES(12,2,411,1,1680.99,0.05);
INSERT INTO Inventory.Order_Items(order_id, item_id, product_id, quantity, list_price,discount) VALUES(13,1,413,1,269.99,0.1);
INSERT INTO Inventory.Order_Items(order_id, item_id, product_id, quantity, list_price,discount) VALUES(13,2,417,2,429.00,0.05);
INSERT INTO Inventory.Order_Items(order_id, item_id, product_id, quantity, list_price,discount) VALUES(13,3,320,2,599.99,0.1);
INSERT INTO Inventory.Order_Items(order_id, item_id, product_id, quantity, list_price,discount) VALUES(13,4,316,2,599.99,0.05);
INSERT INTO Inventory.Order_Items(order_id, item_id, product_id, quantity, list_price,discount) VALUES(14,1,326,1,469.99,0.07);
INSERT INTO Inventory.Order_Items(order_id, item_id, product_id, quantity, list_price,discount) VALUES(15,1,312,2,549.99,0.07);
INSERT INTO Inventory.Order_Items(order_id, item_id, product_id, quantity, list_price,discount) VALUES(15,2,308,1,1799.99,0.07);
INSERT INTO Inventory.Order_Items(order_id, item_id, product_id, quantity, list_price,discount) VALUES(15,3,418,2,449.00,0.05);
INSERT INTO Inventory.Order_Items(order_id, item_id, product_id, quantity, list_price,discount) VALUES(15,4,423,2,299.99,0.2);
INSERT INTO Inventory.Order_Items(order_id, item_id, product_id, quantity, list_price,discount) VALUES(16,155,408,1,1799.99,0.2);
INSERT INTO Inventory.Order_Items(order_id, item_id, product_id, quantity, list_price,discount) VALUES(16,52,121,1,269.99,0.05);
INSERT INTO Inventory.Order_Items(order_id, item_id, product_id, quantity, list_price,discount) VALUES(16,143,313,2,269.99,0.07);
INSERT INTO Inventory.Order_Items(order_id, item_id, product_id, quantity, list_price,discount) VALUES(16,144,414,1,269.99,0.07);
INSERT INTO Inventory.Order_Items(order_id, item_id, product_id, quantity, list_price,discount) VALUES(17,151,408,1,1799.99,0.07);
INSERT INTO Inventory.Order_Items(order_id, item_id, product_id, quantity, list_price,discount) VALUES(21,2,417,1,429.00,0.1);
INSERT INTO Inventory.Order_Items(order_id, item_id, product_id, quantity, list_price,discount) VALUES(21,3,410,1,1549.00,0.07);
INSERT INTO Inventory.Order_Items(order_id, item_id, product_id, quantity, list_price,discount) VALUES(22,1,315,2,529.99,0.2);
INSERT INTO Inventory.Order_Items(order_id, item_id, product_id, quantity, list_price,discount) VALUES(22,2,120,1,269.99,0.05);
INSERT INTO Inventory.Order_Items(order_id, item_id, product_id, quantity, list_price,discount) VALUES(23,1,114,2,2899.99,0.05);
INSERT INTO Inventory.Order_Items(order_id, item_id, product_id, quantity, list_price,discount) VALUES(23,2,123,2,299.99,0.1);
INSERT INTO Inventory.Order_Items(order_id, item_id, product_id, quantity, list_price,discount) VALUES(23,3,125,1,269.99,0.2);
INSERT INTO Inventory.Order_Items(order_id, item_id, product_id, quantity, list_price,discount) VALUES(24,1,113,2,999.99,0.1);
INSERT INTO Inventory.Order_Items(order_id, item_id, product_id, quantity, list_price,discount) VALUES(24,2,118,2,449.00,0.07);
INSERT INTO Inventory.Order_Items(order_id, item_id, product_id, quantity, list_price,discount) VALUES(25,1,123,2,299.99,0.2);
INSERT INTO Inventory.Order_Items(order_id, item_id, product_id, quantity, list_price,discount) VALUES(25,2,410,2,1549.00,0.2);
INSERT INTO Inventory.Order_Items(order_id, item_id, product_id, quantity, list_price,discount) VALUES(25,3,422,1,269.99,0.2);
INSERT INTO Inventory.Order_Items(order_id, item_id, product_id, quantity, list_price,discount) VALUES(25,4,136,1,269.99,0.2);
INSERT INTO Inventory.Order_Items(order_id, item_id, product_id, quantity, list_price,discount) VALUES(25,5,321,1,269.99,0.1);
INSERT INTO Inventory.Order_Items(order_id, item_id, product_id, quantity, list_price,discount) VALUES(26,1,307,1,3999.99,0.05);
INSERT INTO Inventory.Order_Items(order_id, item_id, product_id, quantity, list_price,discount) VALUES(26,2,202,1,749.99,0.2);
INSERT INTO Inventory.Order_Items(order_id, item_id, product_id, quantity, list_price,discount) VALUES(26,3,312,1,549.99,0.2);
INSERT INTO Inventory.Order_Items(order_id, item_id, product_id, quantity, list_price,discount) VALUES(26,4,321,2,269.99,0.07);
INSERT INTO Inventory.Order_Items(order_id, item_id, product_id, quantity, list_price,discount) VALUES(27,1,204,1,1320.99,0.2);
INSERT INTO Inventory.Order_Items(order_id, item_id, product_id, quantity, list_price,discount) VALUES(27,2,419,1,449.00,0.2);
INSERT INTO Inventory.Order_Items(order_id, item_id, product_id, quantity, list_price,discount) VALUES(27,3,326,2,599.99,0.07);
INSERT INTO Inventory.Order_Items(order_id, item_id, product_id, quantity, list_price,discount) VALUES(27,4,311,1,1799.99,0.07);
INSERT INTO Inventory.Order_Items(order_id, item_id, product_id, quantity, list_price,discount) VALUES(28,1,305,1,1320.99,0.05);
INSERT INTO Inventory.Order_Items(order_id, item_id, product_id, quantity, list_price,discount) VALUES(28,2,315,2,3999.99,0.2);
INSERT INTO Inventory.Order_Items(order_id, item_id, product_id, quantity, list_price,discount) VALUES(28,3,314,2,269.99,0.1);
INSERT INTO Inventory.Order_Items(order_id, item_id, product_id, quantity, list_price,discount) VALUES(29,1,124,2,549.99,0.05);
INSERT INTO Inventory.Order_Items(order_id, item_id, product_id, quantity, list_price,discount) VALUES(29,2,306,1,469.99,0.2);
INSERT INTO Inventory.Order_Items(order_id, item_id, product_id, quantity, list_price,discount) VALUES(29,3,321,2,269.99,0.1);
INSERT INTO Inventory.Order_Items(order_id, item_id, product_id, quantity, list_price,discount) VALUES(29,4,427,1,1799.99,0.2);
INSERT INTO Inventory.Order_Items(order_id, item_id, product_id, quantity, list_price,discount) VALUES(29,5,314,2,269.99,0.05);
INSERT INTO Inventory.Order_Items(order_id, item_id, product_id, quantity, list_price,discount) VALUES(30,1,326,1,599.99,0.05);
INSERT INTO Inventory.Order_Items(order_id, item_id, product_id, quantity, list_price,discount) VALUES(30,2,317,1,429.00,0.07);
INSERT INTO Inventory.Order_Items(order_id, item_id, product_id, quantity, list_price,discount) VALUES(31,2,409,2,2999.99,0.2);
INSERT INTO Inventory.Order_Items(order_id, item_id, product_id, quantity, list_price,discount) VALUES(32,3,125,2,499.99,0.1);
INSERT INTO Inventory.Order_Items(order_id, item_id, product_id, quantity, list_price,discount) VALUES(33,1,123,2,299.99,0.07);
INSERT INTO Inventory.Order_Items(order_id, item_id, product_id, quantity, list_price,discount) VALUES(33,2,417,1,3999.99,0.1);
INSERT INTO Inventory.Order_Items(order_id, item_id, product_id, quantity, list_price,discount) VALUES(34,1,418,2,1799.99,0.07);
INSERT INTO Inventory.Order_Items(order_id, item_id, product_id, quantity, list_price,discount) VALUES(35,5,322,1,269.99,0.07);
INSERT INTO Inventory.Order_Items(order_id, item_id, product_id, quantity, list_price,discount) VALUES(36,1,309,1,2999.99,0.07);
INSERT INTO Inventory.Order_Items(order_id, item_id, product_id, quantity, list_price,discount) VALUES(36,2,305,1,1320.99,0.05);
INSERT INTO Inventory.Order_Items(order_id, item_id, product_id, quantity, list_price,discount) VALUES(36,3,305,2,999.99,0.2);
INSERT INTO Inventory.Order_Items(order_id, item_id, product_id, quantity, list_price,discount) VALUES(37,1,306,2,599.99,0.05);
INSERT INTO Inventory.Order_Items(order_id, item_id, product_id, quantity, list_price,discount) VALUES(38,1,307,2,3999.99,0.05);
INSERT INTO Inventory.Order_Items(order_id, item_id, product_id, quantity, list_price,discount) VALUES(38,2,323,1,299.99,0.07);
INSERT INTO Inventory.Order_Items(order_id, item_id, product_id, quantity, list_price,discount) VALUES(38,3,425,1,499.99,0.2);
INSERT INTO Inventory.Order_Items(order_id, item_id, product_id, quantity, list_price,discount) VALUES(38,4,201,2,1549.00,0.1);
INSERT INTO Inventory.Order_Items(order_id, item_id, product_id, quantity, list_price,discount) VALUES(38,5,124,1,549.99,0.07);
INSERT INTO Inventory.Order_Items(order_id, item_id, product_id, quantity, list_price,discount) VALUES(39,3,303,2,999.99,0.05);
INSERT INTO Inventory.Order_Items(order_id, item_id, product_id, quantity, list_price,discount) VALUES(39,4,315,1,529.99,0.1);
INSERT INTO Inventory.Order_Items(order_id, item_id, product_id, quantity, list_price,discount) VALUES(40,1,317,1,429.00,0.2);
INSERT INTO Inventory.Order_Items(order_id, item_id, product_id, quantity, list_price,discount) VALUES(40,2,409,2,1799.99,0.2);
INSERT INTO Inventory.Order_Items(order_id, item_id, product_id, quantity, list_price,discount) VALUES(41,1,305,1,1320.99,0.1);
INSERT INTO Inventory.Order_Items(order_id, item_id, product_id, quantity, list_price,discount) VALUES(41,2,419,2,449.00,0.2);
INSERT INTO Inventory.Order_Items(order_id, item_id, product_id, quantity, list_price,discount) VALUES(41,3,426,2,599.99,0.2);
INSERT INTO Inventory.Order_Items(order_id, item_id, product_id, quantity, list_price,discount) VALUES(42,1,419,1,449.00,0.05);
INSERT INTO Inventory.Order_Items(order_id, item_id, product_id, quantity, list_price,discount) VALUES(43,1,313,2,269.99,0.1);
INSERT INTO Inventory.Order_Items(order_id, item_id, product_id, quantity, list_price,discount) VALUES(43,2,312,2,549.99,0.05);
INSERT INTO Inventory.Order_Items(order_id, item_id, product_id, quantity, list_price,discount) VALUES(44,1,307,1,3999.99,0.1);
INSERT INTO Inventory.Order_Items(order_id, item_id, product_id, quantity, list_price,discount) VALUES(44,2,116,1,599.99,0.05);
INSERT INTO Inventory.Order_Items(order_id, item_id, product_id, quantity, list_price,discount) VALUES(45,1,114,2,2899.99,0.2);
INSERT INTO Inventory.Order_Items(order_id, item_id, product_id, quantity, list_price,discount) VALUES(45,2,122,1,269.99,0.07);
INSERT INTO Inventory.Order_Items(order_id, item_id, product_id, quantity, list_price,discount) VALUES(45,3,121,2,269.99,0.05);
INSERT INTO Inventory.Order_Items(order_id, item_id, product_id, quantity, list_price,discount) VALUES(46,1,117,1,429.00,0.1);
INSERT INTO Inventory.Order_Items(order_id, item_id, product_id, quantity, list_price,discount) VALUES(47,1,116,1,469.99,0.05);
INSERT INTO Inventory.Order_Items(order_id, item_id, product_id, quantity, list_price,discount) VALUES(47,2,115,1,529.99,0.1);
INSERT INTO Inventory.Order_Items(order_id, item_id, product_id, quantity, list_price,discount) VALUES(47,3,125,2,499.99,0.07);
INSERT INTO Inventory.Order_Items(order_id, item_id, product_id, quantity, list_price,discount) VALUES(47,4,113,1,269.99,0.2);
INSERT INTO Inventory.Order_Items(order_id, item_id, product_id, quantity, list_price,discount) VALUES(48,1,311,1,1680.99,0.1);
INSERT INTO Inventory.Order_Items(order_id, item_id, product_id, quantity, list_price,discount) VALUES(48,2,114,1,2899.99,0.2);
INSERT INTO Inventory.Order_Items(order_id, item_id, product_id, quantity, list_price,discount) VALUES(48,3,305,2,1320.99,0.1);
INSERT INTO Inventory.Order_Items(order_id, item_id, product_id, quantity, list_price,discount) VALUES(48,4,414,2,269.99,0.07);
INSERT INTO Inventory.Order_Items(order_id, item_id, product_id, quantity, list_price,discount) VALUES(49,1,413,2,269.99,0.07);
INSERT INTO Inventory.Order_Items(order_id, item_id, product_id, quantity, list_price,discount) VALUES(50,1,412,1,999.99,0.05);
INSERT INTO Inventory.Order_Items(order_id, item_id, product_id, quantity, list_price,discount) VALUES(50,2,426,2,599.99,0.07);
INSERT INTO Inventory.Order_Items(order_id, item_id, product_id, quantity, list_price,discount) VALUES(50,3,213,2,269.99,0.2);
INSERT INTO Inventory.Order_Items(order_id, item_id, product_id, quantity, list_price,discount) VALUES(51,1,313,1,269.99,0.05);
INSERT INTO Inventory.Order_Items(order_id, item_id, product_id, quantity, list_price,discount) VALUES(51,2,120,1,599.99,0.05);
INSERT INTO Inventory.Order_Items(order_id, item_id, product_id, quantity, list_price,discount) VALUES(51,3,426,2,599.99,0.2);
INSERT INTO Inventory.Order_Items(order_id, item_id, product_id, quantity, list_price,discount) VALUES(52,1,125,1,499.99,0.07);
INSERT INTO Inventory.Order_Items(order_id, item_id, product_id, quantity, list_price,discount) VALUES(53,1,161,2,1799.99,0.2);
INSERT INTO Inventory.Order_Items(order_id, item_id, product_id, quantity, list_price,discount) VALUES(53,2,163,2,299.99,0.05);
INSERT INTO Inventory.Order_Items(order_id, item_id, product_id, quantity, list_price,discount) VALUES(53,3,114,2,269.99,0.2);
INSERT INTO Inventory.Order_Items(order_id, item_id, product_id, quantity, list_price,discount) VALUES(53,4,425,2,499.99,0.1);
INSERT INTO Inventory.Order_Items(order_id, item_id, product_id, quantity, list_price,discount) VALUES(54,1,426,2,599.99,0.2);
INSERT INTO Inventory.Order_Items(order_id, item_id, product_id, quantity, list_price,discount) VALUES(54,2,310,1,999.99,0.2);
INSERT INTO Inventory.Order_Items(order_id, item_id, product_id, quantity, list_price,discount) VALUES(55,1,421,1,269.99,0.05);
INSERT INTO Inventory.Order_Items(order_id, item_id, product_id, quantity, list_price,discount) VALUES(55,2,325,2,499.99,0.2);
INSERT INTO Inventory.Order_Items(order_id, item_id, product_id, quantity, list_price,discount) VALUES(55,3,315,2,529.99,0.2);
INSERT INTO Inventory.Order_Items(order_id, item_id, product_id, quantity, list_price,discount) VALUES(56,1,320,2,599.99,0.07);
INSERT INTO Inventory.Order_Items(order_id, item_id, product_id, quantity, list_price,discount) VALUES(57,1,423,2,299.99,0.1);
INSERT INTO Inventory.Order_Items(order_id, item_id, product_id, quantity, list_price,discount) VALUES(57,2,419,2,449.00,0.2);
INSERT INTO Inventory.Order_Items(order_id, item_id, product_id, quantity, list_price,discount) VALUES(57,3,413,1,269.99,0.07);
INSERT INTO Inventory.Order_Items(order_id, item_id, product_id, quantity, list_price,discount) VALUES(58,1,414,2,269.99,0.05);
INSERT INTO Inventory.Order_Items(order_id, item_id, product_id, quantity, list_price,discount) VALUES(58,2,418,1,449.00,0.07);
INSERT INTO Inventory.Order_Items(order_id, item_id, product_id, quantity, list_price,discount) VALUES(58,3,323,1,299.99,0.1);
INSERT INTO Inventory.Order_Items(order_id, item_id, product_id, quantity, list_price,discount) VALUES(59,1,321,1,269.99,0.05);
INSERT INTO Inventory.Order_Items(order_id, item_id, product_id, quantity, list_price,discount) VALUES(59,2,302,1,749.99,0.1);
INSERT INTO Inventory.Order_Items(order_id, item_id, product_id, quantity, list_price,discount) VALUES(59,3,137,2,429.00,0.1);
INSERT INTO Inventory.Order_Items(order_id, item_id, product_id, quantity, list_price,discount) VALUES(60,1,414,2,269.99,0.05);
INSERT INTO Inventory.Order_Items(order_id, item_id, product_id, quantity, list_price,discount) VALUES(60,2,304,1,2899.99,0.1);
INSERT INTO Inventory.Order_Items(order_id, item_id, product_id, quantity, list_price,discount) VALUES(60,3,315,1,529.99,0.07);
INSERT INTO Inventory.Order_Items(order_id, item_id, product_id, quantity, list_price,discount) VALUES(60,4,322,1,269.99,0.2);
INSERT INTO Inventory.Order_Items(order_id, item_id, product_id, quantity, list_price,discount) VALUES(61,1,325,1,499.99,0.1);
INSERT INTO Inventory.Order_Items(order_id, item_id, product_id, quantity, list_price,discount) VALUES(61,2,415,2,529.99,0.05);
INSERT INTO Inventory.Order_Items(order_id, item_id, product_id, quantity, list_price,discount) VALUES(61,3,410,2,1320.99,0.2);
INSERT INTO Inventory.Order_Items(order_id, item_id, product_id, quantity, list_price,discount) VALUES(62,1,326,1,269.99,0.07);
INSERT INTO Inventory.Order_Items(order_id, item_id, product_id, quantity, list_price,discount) VALUES(62,2,409,2,1799.99,0.1);
INSERT INTO Inventory.Order_Items(order_id, item_id, product_id, quantity, list_price,discount) VALUES(62,3,322,2,269.99,0.1);
INSERT INTO Inventory.Order_Items(order_id, item_id, product_id, quantity, list_price,discount) VALUES(63,1,325,2,499.99,0.1);
INSERT INTO Inventory.Order_Items(order_id, item_id, product_id, quantity, list_price,discount) VALUES(63,2,319,2,449.00,0.05);
INSERT INTO Inventory.Order_Items(order_id, item_id, product_id, quantity, list_price,discount) VALUES(63,3,103,1,999.99,0.1);
INSERT INTO Inventory.Order_Items(order_id, item_id, product_id, quantity, list_price,discount) VALUES(64,1,125,2,499.99,0.1);
INSERT INTO Inventory.Order_Items(order_id, item_id, product_id, quantity, list_price,discount) VALUES(64,2,122,2,269.99,0.2);
INSERT INTO Inventory.Order_Items(order_id, item_id, product_id, quantity, list_price,discount) VALUES(64,3,123,2,299.99,0.2);
INSERT INTO Inventory.Order_Items(order_id, item_id, product_id, quantity, list_price,discount) VALUES(64,4,124,2,549.99,0.1);
INSERT INTO Inventory.Order_Items(order_id, item_id, product_id, quantity, list_price,discount) VALUES(65,1,112,1,549.99,0.1);
INSERT INTO Inventory.Order_Items(order_id, item_id, product_id, quantity, list_price,discount) VALUES(66,1,411,1,749.99,0.2);
INSERT INTO Inventory.Order_Items(order_id, item_id, product_id, quantity, list_price,discount) VALUES(66,2,123,1,299.99,0.07);
INSERT INTO Inventory.Order_Items(order_id, item_id, product_id, quantity, list_price,discount) VALUES(66,3,112,1,549.99,0.07);
INSERT INTO Inventory.Order_Items(order_id, item_id, product_id, quantity, list_price,discount) VALUES(67,1,123,2,299.99,0.2);
INSERT INTO Inventory.Order_Items(order_id, item_id, product_id, quantity, list_price,discount) VALUES(67,2,112,2,549.99,0.1);
INSERT INTO Inventory.Order_Items(order_id, item_id, product_id, quantity, list_price,discount) VALUES(67,3,121,1,269.99,0.2);
INSERT INTO Inventory.Order_Items(order_id, item_id, product_id, quantity, list_price,discount) VALUES(67,4,115,2,1320.99,0.1);
INSERT INTO Inventory.Order_Items(order_id, item_id, product_id, quantity, list_price,discount) VALUES(67,5,119,1,449.00,0.2);
INSERT INTO Inventory.Order_Items(order_id, item_id, product_id, quantity, list_price,discount) VALUES(68,1,103,2,269.99,0.07);
INSERT INTO Inventory.Order_Items(order_id, item_id, product_id, quantity, list_price,discount) VALUES(68,2,327,1,429.00,0.1);
INSERT INTO Inventory.Order_Items(order_id, item_id, product_id, quantity, list_price,discount) VALUES(69,1,332,2,269.99,0.1);
INSERT INTO Inventory.Order_Items(order_id, item_id, product_id, quantity, list_price,discount) VALUES(69,2,415,1,1320.99,0.2);
INSERT INTO Inventory.Order_Items(order_id, item_id, product_id, quantity, list_price,discount) VALUES(69,3,110,1,1549.00,0.05);
INSERT INTO Inventory.Order_Items(order_id, item_id, product_id, quantity, list_price,discount) VALUES(70,1,322,2,999.99,0.05);
INSERT INTO Inventory.Order_Items(order_id, item_id, product_id, quantity, list_price,discount) VALUES(70,2,118,1,449.00,0.2);
INSERT INTO Inventory.Order_Items(order_id, item_id, product_id, quantity, list_price,discount) VALUES(70,3,332,1,599.99,0.05);
INSERT INTO Inventory.Order_Items(order_id, item_id, product_id, quantity, list_price,discount) VALUES(71,1,326,2,599.99,0.05);
INSERT INTO Inventory.Order_Items(order_id, item_id, product_id, quantity, list_price,discount) VALUES(71,3,118,1,449.00,0.1);
INSERT INTO Inventory.Order_Items(order_id, item_id, product_id, quantity, list_price,discount) VALUES(72,1,117,2,429.00,0.07);
INSERT INTO Inventory.Order_Items(order_id, item_id, product_id, quantity, list_price,discount) VALUES(72,2,112,1,549.99,0.05);
INSERT INTO Inventory.Order_Items(order_id, item_id, product_id, quantity, list_price,discount) VALUES(73,4,425,1,499.99,0.07);
INSERT INTO Inventory.Order_Items(order_id, item_id, product_id, quantity, list_price,discount) VALUES(73,5,423,2,299.99,0.2);
INSERT INTO Inventory.Order_Items(order_id, item_id, product_id, quantity, list_price,discount) VALUES(74,1,416,2,599.99,0.05);
INSERT INTO Inventory.Order_Items(order_id, item_id, product_id, quantity, list_price,discount) VALUES(74,2,409,1,469.99,0.07);
INSERT INTO Inventory.Order_Items(order_id, item_id, product_id, quantity, list_price,discount) VALUES(75,1,412,1,999.99,0.1);
INSERT INTO Inventory.Order_Items(order_id, item_id, product_id, quantity, list_price,discount) VALUES(75,2,307,2,3999.99,0.07);
INSERT INTO Inventory.Order_Items(order_id, item_id, product_id, quantity, list_price,discount) VALUES(75,3,315,1,529.99,0.2);
INSERT INTO Inventory.Order_Items(order_id, item_id, product_id, quantity, list_price,discount) VALUES(76,1,312,1,549.99,0.05);
INSERT INTO Inventory.Order_Items(order_id, item_id, product_id, quantity, list_price,discount) VALUES(76,2,311,2,1680.99,0.1);
INSERT INTO Inventory.Order_Items(order_id, item_id, product_id, quantity, list_price,discount) VALUES(76,3,305,1,1320.99,0.07);
INSERT INTO Inventory.Order_Items(order_id, item_id, product_id, quantity, list_price,discount) VALUES(77,1,320,1,599.99,0.07);
INSERT INTO Inventory.Order_Items(order_id, item_id, product_id, quantity, list_price,discount) VALUES(77,2,324,2,549.99,0.1);
INSERT INTO Inventory.Order_Items(order_id, item_id, product_id, quantity, list_price,discount) VALUES(77,3,326,1,599.99,0.2);
INSERT INTO Inventory.Order_Items(order_id, item_id, product_id, quantity, list_price,discount) VALUES(77,4,325,1,499.99,0.2);
INSERT INTO Inventory.Order_Items(order_id, item_id, product_id, quantity, list_price,discount) VALUES(78,2,119,1,449.00,0.2);
INSERT INTO Inventory.Order_Items(order_id, item_id, product_id, quantity, list_price,discount) VALUES(78,3,118,2,449.00,0.1);
INSERT INTO Inventory.Order_Items(order_id, item_id, product_id, quantity, list_price,discount) VALUES(78,4,114,2,269.99,0.1);
INSERT INTO Inventory.Order_Items(order_id, item_id, product_id, quantity, list_price,discount) VALUES(79,1,119,2,2999.99,0.1);
INSERT INTO Inventory.Order_Items(order_id, item_id, product_id, quantity, list_price,discount) VALUES(79,2,117,2,429.00,0.05);
INSERT INTO Inventory.Order_Items(order_id, item_id, product_id, quantity, list_price,discount) VALUES(79,4,125,2,499.99,0.07);
INSERT INTO Inventory.Order_Items(order_id, item_id, product_id, quantity, list_price,discount) VALUES(80,2,124,1,549.99,0.1);
INSERT INTO Inventory.Order_Items(order_id, item_id, product_id, quantity, list_price,discount) VALUES(80,3,117,1,429.00,0.2);
INSERT INTO Inventory.Order_Items(order_id, item_id, product_id, quantity, list_price,discount) VALUES(81,1,110,2,1549.00,0.2);
INSERT INTO Inventory.Order_Items(order_id, item_id, product_id, quantity, list_price,discount) VALUES(81,2,123,2,299.99,0.05);
INSERT INTO Inventory.Order_Items(order_id, item_id, product_id, quantity, list_price,discount) VALUES(81,3,125,2,499.99,0.05);
INSERT INTO Inventory.Order_Items(order_id, item_id, product_id, quantity, list_price,discount) VALUES(82,1,125,2,499.99,0.1);
INSERT INTO Inventory.Order_Items(order_id, item_id, product_id, quantity, list_price,discount) VALUES(83,1,120,1,599.99,0.2);
INSERT INTO Inventory.Order_Items(order_id, item_id, product_id, quantity, list_price,discount) VALUES(83,2,113,2,999.99,0.05);
INSERT INTO Inventory.Order_Items(order_id, item_id, product_id, quantity, list_price,discount) VALUES(84,1,123,2,299.99,0.07);
INSERT INTO Inventory.Order_Items(order_id, item_id, product_id, quantity, list_price,discount) VALUES(84,2,115,2,529.99,0.07);
INSERT INTO Inventory.Order_Items(order_id, item_id, product_id, quantity, list_price,discount) VALUES(85,1,114,2,2899.99,0.05);
INSERT INTO Inventory.Order_Items(order_id, item_id, product_id, quantity, list_price,discount) VALUES(85,2,118,1,449.00,0.07);
INSERT INTO Inventory.Order_Items(order_id, item_id, product_id, quantity, list_price,discount) VALUES(86,1,119,2,2999.99,0.1);
INSERT INTO Inventory.Order_Items(order_id, item_id, product_id, quantity, list_price,discount) VALUES(86,2,123,2,299.99,0.07);
INSERT INTO Inventory.Order_Items(order_id, item_id, product_id, quantity, list_price,discount) VALUES(88,1,110,1,1549.00,0.07);
INSERT INTO Inventory.Order_Items(order_id, item_id, product_id, quantity, list_price,discount) VALUES(88,2,308,2,1799.99,0.1);
INSERT INTO Inventory.Order_Items(order_id, item_id, product_id, quantity, list_price,discount) VALUES(89,1,305,1,1320.99,0.05);
INSERT INTO Inventory.Order_Items(order_id, item_id, product_id, quantity, list_price,discount) VALUES(90,1,113,1,999.99,0.1);
INSERT INTO Inventory.Order_Items(order_id, item_id, product_id, quantity, list_price,discount) VALUES(90,2,116,1,469.99,0.07);
INSERT INTO Inventory.Order_Items(order_id, item_id, product_id, quantity, list_price,discount) VALUES(91,2,125,1,499.99,0.05);
INSERT INTO Inventory.Order_Items(order_id, item_id, product_id, quantity, list_price,discount) VALUES(91,3,115,2,529.99,0.07);
INSERT INTO Inventory.Order_Items(order_id, item_id, product_id, quantity, list_price,discount) VALUES(91,4,113,2,269.99,0.07);
INSERT INTO Inventory.Order_Items(order_id, item_id, product_id, quantity, list_price,discount) VALUES(92,1,118,1,1799.99,0.1);
INSERT INTO Inventory.Order_Items(order_id, item_id, product_id, quantity, list_price,discount) VALUES(93,2,317,1,429.00,0.05);
INSERT INTO Inventory.Order_Items(order_id, item_id, product_id, quantity, list_price,discount) VALUES(93,3,121,1,269.99,0.1);
INSERT INTO Inventory.Order_Items(order_id, item_id, product_id, quantity, list_price,discount) VALUES(93,5,410,2,1549.00,0.07);
INSERT INTO Inventory.Order_Items(order_id, item_id, product_id, quantity, list_price,discount) VALUES(94,1,412,1,549.99,0.05);
INSERT INTO Inventory.Order_Items(order_id, item_id, product_id, quantity, list_price,discount) VALUES(94,2,114,1,2899.99,0.2);
INSERT INTO Inventory.Order_Items(order_id, item_id, product_id, quantity, list_price,discount) VALUES(94,3,411,1,1680.99,0.2);
INSERT INTO Inventory.Order_Items(order_id, item_id, product_id, quantity, list_price,discount) VALUES(94,4,421,2,269.99,0.07);
INSERT INTO Inventory.Order_Items(order_id, item_id, product_id, quantity, list_price,discount) VALUES(95,1,410,2,1549.00,0.2);
INSERT INTO Inventory.Order_Items(order_id, item_id, product_id, quantity, list_price,discount) VALUES(95,2,419,1,449.00,0.1);
INSERT INTO Inventory.Order_Items(order_id, item_id, product_id, quantity, list_price,discount) VALUES(95,3,308,2,1799.99,0.2);
INSERT INTO Inventory.Order_Items(order_id, item_id, product_id, quantity, list_price,discount) VALUES(95,4,320,2,599.99,0.05);
INSERT INTO Inventory.Order_Items(order_id, item_id, product_id, quantity, list_price,discount) VALUES(96,1,326,1,599.99,0.1);
INSERT INTO Inventory.Order_Items(order_id, item_id, product_id, quantity, list_price,discount) VALUES(96,2,323,1,299.99,0.05);
INSERT INTO Inventory.Order_Items(order_id, item_id, product_id, quantity, list_price,discount) VALUES(97,1,420,2,599.99,0.2);
INSERT INTO Inventory.Order_Items(order_id, item_id, product_id, quantity, list_price,discount) VALUES(97,3,306,2,469.99,0.2);
INSERT INTO Inventory.Order_Items(order_id, item_id, product_id, quantity, list_price,discount) VALUES(97,4,109,1,449.00,0.1);
INSERT INTO Inventory.Order_Items(order_id, item_id, product_id, quantity, list_price,discount) VALUES(98,2,321,1,269.99,0.1);
INSERT INTO Inventory.Order_Items(order_id, item_id, product_id, quantity, list_price,discount) VALUES(98,3,302,1,749.99,0.2);
INSERT INTO Inventory.Order_Items(order_id, item_id, product_id, quantity, list_price,discount) VALUES(98,4,122,2,269.99,0.2);
INSERT INTO Inventory.Order_Items(order_id, item_id, product_id, quantity, list_price,discount) VALUES(99,1,313,1,269.99,0.2);
INSERT INTO Inventory.Order_Items(order_id, item_id, product_id, quantity, list_price,discount) VALUES(99,4,307,2,3999.99,0.07);
INSERT INTO Inventory.Order_Items(order_id, item_id, product_id, quantity, list_price,discount) VALUES(99,5,323,2,299.99,0.2);
INSERT INTO Inventory.Order_Items(order_id, item_id, product_id, quantity, list_price,discount) VALUES(100,1,312,2,549.99,0.05);
INSERT INTO Inventory.Order_Items(order_id, item_id, product_id, quantity, list_price,discount) VALUES(100,2,311,2,1680.99,0.1);
INSERT INTO Inventory.Order_Items(order_id, item_id, product_id, quantity, list_price,discount) VALUES(100,3,307,2,3999.99,0.2);
INSERT INTO Inventory.Order_Items(order_id, item_id, product_id, quantity, list_price,discount) VALUES(100,4,316,2,599.99,0.2);
INSERT INTO Inventory.Order_Items(order_id, item_id, product_id, quantity, list_price,discount) VALUES(100,5,324,2,549.99,0.1);
INSERT INTO Inventory.Order_Items(order_id, item_id, product_id, quantity, list_price,discount) VALUES(101,1,112,2,549.99,0.2);
INSERT INTO Inventory.Order_Items(order_id, item_id, product_id, quantity, list_price,discount) VALUES(102,1,415,1,529.99,0.05);
INSERT INTO Inventory.Order_Items(order_id, item_id, product_id, quantity, list_price,discount) VALUES(102,2,422,1,269.99,0.07);
INSERT INTO Inventory.Order_Items(order_id, item_id, product_id, quantity, list_price,discount) VALUES(103,1,417,1,429.00,0.07);
INSERT INTO Inventory.Order_Items(order_id, item_id, product_id, quantity, list_price,discount) VALUES(103,3,318,1,449.00,0.2);
INSERT INTO Inventory.Order_Items(order_id, item_id, product_id, quantity, list_price,discount) VALUES(103,4,115,2,529.99,0.1);
INSERT INTO Inventory.Order_Items(order_id, item_id, product_id, quantity, list_price,discount) VALUES(103,5,119,2,2999.99,0.1);
INSERT INTO Inventory.Order_Items(order_id, item_id, product_id, quantity, list_price,discount) VALUES(104,1,119,2,449.00,0.1);
INSERT INTO Inventory.Order_Items(order_id, item_id, product_id, quantity, list_price,discount) VALUES(105,1,111,2,1680.99,0.2);
INSERT INTO Inventory.Order_Items(order_id, item_id, product_id, quantity, list_price,discount) VALUES(105,2,103,1,999.99,0.05);
INSERT INTO Inventory.Order_Items(order_id, item_id, product_id, quantity, list_price,discount) VALUES(105,3,109,1,2999.99,0.05);
INSERT INTO Inventory.Order_Items(order_id, item_id, product_id, quantity, list_price,discount) VALUES(106,1,117,1,429.00,0.1);
INSERT INTO Inventory.Order_Items(order_id, item_id, product_id, quantity, list_price,discount) VALUES(106,2,113,2,269.99,0.1);
INSERT INTO Inventory.Order_Items(order_id, item_id, product_id, quantity, list_price,discount) VALUES(107,2,313,2,269.99,0.1);
INSERT INTO Inventory.Order_Items(order_id, item_id, product_id, quantity, list_price,discount) VALUES(108,1,411,1,1680.99,0.1);
